,PC_0,PC_1,PC_2,PC_3,PC_4,PC_5,PC_6,symbol,sector,label
0,-0.5209797998106167,0.3521985528309947,0.11547767582715768,-0.18245476096649407,0.044593002252356455,-0.09497655325767776,-0.008158882919400484,MMM,Industrials,0
1,1.147445899237822,-0.4499798846012669,0.20829069142927972,-0.1729342847193043,0.09904554898817532,0.046851394411896743,0.06975803854732843,AOS,Industrials,0
2,1.5929447688022047,0.16094196192600818,0.6152447085510455,0.0725751103064098,0.12841746593322687,0.03220710472430548,0.15584334128215857,AYI,Industrials,0
3,-0.6695170673676278,-0.39012120108142295,-0.06904985193848717,0.04460009309429548,0.02110122528055285,0.053871891348954246,-0.049399422391610256,ALK,Industrials,0
4,-0.03340449477775195,-0.2598008675508043,0.27431582760982726,-0.27878223929587914,0.015479527994888097,0.03223211133471911,-0.03186009393460402,ALLE,Industrials,0
5,0.4679495226472688,-0.6116748441457821,-1.1126332607520573,0.4276956432416752,0.03254440474900971,0.018647112071457278,-0.07401809399404331,AAL,Industrials,0
6,0.214152276198641,-0.33666505022234594,0.2862831993643383,-0.15119967089012648,0.043849332513695584,0.01835864675078735,-0.00010972134671679455,AME,Industrials,0
7,1.3283165080412072,-0.5950769539543032,0.2593867827788206,0.0689026789963789,-0.09897925308829257,0.027474254974561838,-0.1404963735168035,ARNC,Industrials,0
8,0.29694666999621655,-0.23379309859568312,0.3112533927177433,-0.39401385524083626,0.06404845952856997,0.036452951263546876,-0.0015954823093083568,CHRW,Industrials,0
9,0.22307442415571396,0.06935088703756807,-0.5054610259528727,0.17510569459327913,0.05459788848434068,0.05113197658298871,-0.03284886772430616,CAT,Industrials,0
10,0.2017221315344407,0.2977566738712491,0.32270064082911665,-0.22013225464273375,0.10498669406629899,-0.06358566845470333,0.017330217862472113,CTAS,Industrials,0
11,0.8577030263589814,-0.42336168105518446,-0.7465482556224771,-0.1861023828424376,0.03932896013392767,0.02813076094862836,0.014374437819693824,CSX,Industrials,0
12,-0.562137174575966,0.07693398077674338,-0.029470999785186212,-0.14695923508243755,0.04360267175811336,0.027711236406870426,-0.013184494710360225,CMI,Industrials,0
13,-2.024253894677294,0.12470126942890748,-0.04881477812417601,0.03656978813751884,0.017739970823169155,0.07621081764579594,-0.007859656696456538,DE,Industrials,3
14,-0.19341691147569828,-0.5127312059088508,-0.599037927810783,-0.027710357665817066,0.01947102393978049,0.042954396416792176,-0.03888177735698419,DAL,Industrials,0
15,1.4486387542425796,-0.25727316238945536,0.511199580695321,-0.7445993687082368,0.0598286590618105,0.056097980651160104,-0.023933179164592658,DOV,Industrials,0
16,1.6523987734767747,-0.2806373647665795,0.3857590018673254,-0.5972921943957895,0.1508675459523369,0.05345605840560079,0.09534228685330379,ETN,Industrials,0
17,1.8470319020732713,-0.35291644509989295,-0.06071338341562918,-0.4408498201865093,0.06784965813806045,0.04160119572990413,0.03306455027300005,EMR,Industrials,1
18,2.2987703503058285,-0.009162980058737733,0.8620632731365813,-0.17762238247003995,0.2501504567055523,-0.04078615229113049,0.3363685612694212,EFX,Industrials,1
19,-1.7813279508237398,-0.3980671309865293,0.20434241636700604,-0.0150144225722588,-0.007693482426054151,0.04150533211420289,0.0002940662836597291,ABT,Health Care,3
20,-1.7661968898061258,-0.2506610296014617,0.026984517904818536,0.03480729947367431,0.05170859611803808,0.07615547350411764,0.00014868324899548917,ABBV,Health Care,3
21,-3.3023884843262388,0.015800085699502288,-0.5828698114420915,0.6025992987072427,-0.3975792440117919,-0.3953936644683598,-0.24342328298976953,AET,Health Care,3
22,-1.3617418948564841,-0.39963465334766973,0.11066429189872272,-3.066304027663664e-05,0.009659892108810292,0.04773308272756095,-0.015730091823585698,A,Health Care,3
23,1.8998973258485352,0.16198584629290708,0.5444839979170907,0.2393776922702985,-0.07542167943579077,0.04097389441858191,-0.036492758658698825,ALXN,Health Care,1
24,3.7524244624769145,1.5851968121919757,1.3263257198358944,1.1641327185184935,-0.14283492166942185,0.24248243019061666,0.3173089962018028,ALGN,Health Care,1
25,2.9638732923047004,0.3467320158282601,0.7940959716687372,-0.5809998249431324,0.03740125968274717,-0.01819071588463933,0.09414121546083444,AGN,Health Care,1
26,0.9321180337423436,-0.1666378534820562,0.5087412016194479,-0.21993436265801358,-0.000685947099415567,0.05117649801541735,-0.06622320004683964,ABC,Health Care,0
27,-1.2006128369408808,0.3416231665197049,-0.052779175556320806,-0.08449817572478818,0.03915837031944988,-0.05230725018482153,0.014273103249209324,AMGN,Health Care,3
28,-1.3445483965920382,0.801036904280994,-0.13467485947277535,-0.08385579380416938,-0.00982574123217331,-0.11668525464189707,-0.004478820358653338,ANTM,Health Care,3
29,0.19554456123937902,-0.31232380956788164,0.9200150738095545,-0.23557389397918638,0.10208594995947572,0.02511999327430313,0.0511224790327685,BAX,Health Care,0
30,0.39788378189609924,0.6113387952496858,0.3084071014187027,-0.44975827081926234,0.023150004777559016,-0.1144570871083729,-0.0315210981386263,BDX,Health Care,0
31,0.10342712408415428,1.244382777334182,0.13505977440115746,-0.1541082903444078,0.018946333821415303,-0.04979288611653384,-0.012096150159137469,BIIB,Health Care,0
32,-0.906471561880731,-0.51332546227891,0.6059351464312458,0.012487919395006488,0.006730012361181368,0.07340502390584433,-0.04810564189821593,BSX,Health Care,0
33,0.41180911591650027,-0.4273614903077801,0.319350106640174,-0.17308631620900858,0.1023855236840406,0.03908031843743248,0.04115519611801096,BMY,Health Care,0
34,0.4306536323543947,-0.4033806201064276,0.47994822095467055,-0.12682142664624604,0.040927206116821914,0.05215274181152505,-0.06484636679378798,CAH,Health Care,0
35,2.362751673021599,-0.2391914849053413,0.22150741908085567,-0.12472651808838059,-0.06972345928966386,0.012162064006625917,-0.014852071970103698,CELG,Health Care,1
36,0.7222396717996251,0.16559770483592554,0.5137362720139533,0.08597813354154048,-0.023885598875143514,0.01842072913121115,-0.0678047184243794,CNC,Health Care,0
37,0.7338075036654754,-0.39683079017744016,0.2506518508069066,-0.15675680960020283,0.10721711103589994,0.030085846264142402,0.09344442864814922,CERN,Health Care,0
38,-0.6301554403792522,0.4919306900469387,0.08890379586665594,-0.08229804885252541,0.00045203077462351347,-0.030977479245273734,-0.02722786277897033,CI,Health Care,0
39,0.8703977856509932,0.16248625541840994,0.4659444732388834,-0.3658462830808333,0.04540990503420431,-0.07637965063732112,-0.041463900446057016,ACN,Information Technology,0
40,4.639399581760954,-0.3828003914871156,-1.5205690486083203,0.6906293562618236,-0.3523015063777364,-0.1014379407537466,0.1257105365120172,ATVI,Information Technology,1
41,0.036494823142951445,1.0010582914402395,-0.052414957095093966,0.3787629000384073,0.05975035460887659,0.16204066546972726,-0.05695134044136004,ADBE,Information Technology,0
42,0.8494400693511692,0.12812992396381256,7.010479671704712,1.2831952827006785,-0.04150574946626559,-0.10387893127869151,-0.1422986594975205,AMD,Information Technology,0
43,-0.20767523001246962,-0.34458029590900147,0.2699775925253521,0.15288358476686686,0.08768764685796195,0.012187982863475777,0.019067153135145388,AKAM,Information Technology,0
44,3.5919855837661916,0.6525725142124721,1.0419988972167138,-0.2585494081861841,-0.25743785942253783,-0.028915459481462326,-0.10026958501839917,ADS,Information Technology,1
45,-0.28589361369205046,6.20722628910683,-0.31547005476925644,-0.10559373412373292,0.02848090915488545,-0.17595441584701524,0.00982104142808773,GOOGL,Information Technology,2
46,-0.31637165050124855,6.101520661230566,-0.34287180062960315,-0.0980059496824537,0.026551584487819278,-0.20955840755549493,0.0076638481933779595,GOOG,Information Technology,2
47,0.2686332933032381,-0.2712479758123649,0.23237634482558533,-0.314587435712987,0.022563885469519047,0.019877086347236495,-0.02845757469198072,APH,Information Technology,0
48,-1.0987332102999674,-0.27088453369906035,-0.06079010270560789,0.015316292093718667,0.03940840687410524,0.04820640858227392,-0.012227340039083611,ADI,Information Technology,3
49,1.0314613342233132,0.3473995754925049,0.5677013201268746,0.13705435387629136,-0.05447754085717319,0.02896445948351208,-0.08831301397660409,ANSS,Information Technology,0
50,2.8181013763368927,0.3527047805587384,-1.8387722413413274,0.16752101283232623,-0.19742180696237863,-0.07271805602172532,-0.11074878977392932,AAPL,Information Technology,1
51,0.026042116301385206,-0.6541156726982458,-1.260646012780893,0.27443089853596725,0.013610468218526255,0.040825370493488965,-0.08689341073594274,AMAT,Information Technology,0
52,-0.030095873353270818,0.24104138593325647,0.06123955725030616,0.3572239861485765,0.024825356919223822,0.11609472336425261,-0.09283885744270151,ADSK,Information Technology,0
53,-0.11931961861187577,0.0693362300162555,0.26396957453768544,-0.17079992561155694,0.05436548252452063,-0.02466368432767434,-0.0068034658256529695,ADP,Information Technology,0
54,-2.397813179420977,0.7189827465665452,-0.5332818172046594,0.04191231670001854,0.0443486412844708,0.12847488749210392,0.010524798987374375,AVGO,Information Technology,3
55,0.6032355875616389,-0.7330861200486452,-2.4830306193505463,-0.12828611232006454,-0.0068440404474270355,0.03231299022369839,-0.006231758824164049,ORCL,Information Technology,0
56,-1.6834456506222224,-0.5545307083235222,-0.07990314889262672,0.06664036406124298,0.04032723895285201,0.0744366196550613,-0.01877640513697472,CDNS,Information Technology,3
57,-0.09209423570280464,-0.6606884215981124,-1.593705638088852,0.05090727797397985,0.0004713073654686095,0.03289506824989571,-0.04568921149436333,CSCO,Information Technology,0
58,-0.5941405055151558,-0.20417210532870964,0.050124957760392976,-0.3593621666578585,0.0005073461632962955,0.01814173317377703,-0.021971172171732778,CTXS,Information Technology,0
59,-1.0828777616839094,0.22798506413988337,0.0392486066259501,-0.020445754318846925,0.026504325299877576,-0.0008592882975006531,0.005767480967950958,AAP,Consumer Discretionary,3
60,0.7578310003253493,11.82870803040346,-0.8887894378208493,0.6969544603708698,0.04436152728174948,1.4049367800575832,-0.018503693137480553,AMZN,Consumer Discretionary,2
61,2.0033690640975768,-0.23015672084801875,0.39265419318448536,-0.15587716977281807,-0.1006448330953637,0.036520785556531744,-0.1089743227088524,APTV,Consumer Discretionary,1
62,-3.465916326060265,3.8101998483647175,-0.7563497714589272,0.013181743081196764,-0.1649678226387937,-0.5223282096582075,0.020538443438995753,AZO,Consumer Discretionary,3
63,2.698532524239434,-0.23842775798920346,0.2653667707852315,0.17342100675961236,-0.09322177622367459,0.0005767179977863681,-0.013039588153473697,BBY,Consumer Discretionary,1
64,-0.2909745579358871,10.439332964407713,-0.7098840643390605,-0.36635627151551053,-0.025081819867453194,-0.9457379734885571,-0.009148544468297078,BKNG,Consumer Discretionary,2
65,0.5650884710275519,-0.5139499941071803,0.012964076126095243,0.05308526150237189,0.008315377480201622,0.04586716065620361,-0.05808873671580172,BWA,Consumer Discretionary,0
66,0.259000558567539,-0.3485609849539137,0.25121742112751294,-0.19238345802569057,0.03456863289981183,0.05431117548703596,0.0026878505573857355,KMX,Consumer Discretionary,0
67,1.3348090870534788,-0.38708649833828107,0.37503545294091556,-0.17905026993320533,0.0690739464657444,0.0111608711104977,0.01574175905500636,CCL,Consumer Discretionary,0
68,1.3400994629734961,-0.42139054202681714,0.15005306517016986,-0.2452413456710607,-0.05427840776391045,0.042664806268835044,-0.10748806446816837,CBS,Consumer Discretionary,0
69,-0.5011889562854173,1.266213935753493,0.027706391210256618,-0.026873282702994432,-0.013542073526426383,0.026336578982882226,-0.055504038049949675,CHTR,Consumer Discretionary,0
70,-1.6632003455675466,2.0037599305071816,-0.1812033783038501,-0.03729822960432792,-0.024265879562686735,-0.09686845769255298,-0.007753116367743461,CMG,Consumer Discretionary,3
71,-1.2106476741308976,-0.7106565061045194,-1.261473036053803,0.0348675683012941,0.016066451203890175,0.06486180676284091,0.0006484524974968685,CMCSA,Consumer Discretionary,3
72,0.49318226140193855,-0.5123138591208927,0.1818994808036175,0.010673752836314578,0.04510863791626943,0.05110279396231476,-0.017629400012368297,DHI,Consumer Discretionary,0
73,-0.8005452014957052,-0.15869810515529903,0.027481525261566414,-0.08337629026522246,0.04595575457849681,0.01698420953519715,-0.0042807060461532665,DRI,Consumer Discretionary,0
74,1.3609494849445773,-0.5684843738906299,-0.21770707887385501,0.14473759355390833,-0.08775002286439969,0.01735364737983743,-0.10474660450234444,DISCA,Consumer Discretionary,0
75,1.2020605782866052,-0.5561142303379507,0.14434814852654104,0.07296125770912248,-0.04565881198562728,0.030129102228655797,-0.0687229430754757,DISCK,Consumer Discretionary,0
76,1.8194316300007563,-0.48158577895723587,0.3471643218608431,0.42533983923682656,-0.16218733878229433,-0.023237914053196678,-0.14162110473325312,DISH,Consumer Discretionary,1
77,-1.8808501909775102,-0.20520668902224853,-0.2643026598617977,0.022397351721334235,-0.01658422122353561,0.021690459126036846,-0.0008680994658752429,DG,Consumer Discretionary,3
78,-3.509877873890312,-0.41300786745489554,-0.5576066790233952,0.1721968197086105,-0.20779832079464253,0.056004081761539745,-0.04188225193088511,DLTR,Consumer Discretionary,3
79,-2.5845751190663746,-0.7620516988143125,-0.07643591094981064,0.0947160831171572,-0.014599112816849603,0.09503333851278628,0.020615662587354856,AES,Utilities,3
80,-2.064784618762252,-0.5948732235768275,0.026535719143376775,0.04275305832584598,-0.02169990662655889,0.042572214883475894,0.021755218108925105,LNT,Utilities,3
81,-2.7027882674732737,-0.48749709990216844,-0.008215329363870807,0.1839149271904989,-0.07507881310334286,0.005379671155720176,0.016345727140844885,AEE,Utilities,3
82,-3.1877909878773485,-0.4638272550900417,-0.08515165837748155,0.3451066243106158,-0.09934454097994165,-0.02567687870612266,0.031226690520015022,AEP,Utilities,3
83,-2.750848054015176,-0.37059990425879,-0.134084409076731,0.16551893894630157,-0.08754364594183903,-0.02621444637143196,0.015318806702659971,AWK,Utilities,3
84,-2.70975328491293,-0.6752821118622345,0.2166386659739131,0.22719420168495236,-0.03902284148602807,0.049416434193888595,0.041623515649437184,CNP,Utilities,3
85,-2.5227860927968044,-0.5437455350849795,0.30778468274311965,0.12990567872552933,-0.05200899470168259,0.028305102070793373,0.012331749635728731,CMS,Utilities,3
86,-2.351617005986324,-0.40470174276281173,0.121784461664166,0.0871668025301639,-0.023387202661995746,-0.002976565303550453,0.022039972587808647,ED,Utilities,3
87,-2.6220193762610178,-0.42077018532505106,0.3490379946350286,0.14791355908685466,-0.017607710307217753,-0.005150140289746501,0.036162400349503694,D,Utilities,3
88,-2.3738455235952314,-0.24263163225257223,-0.018744834666369798,0.09578166581795498,-0.04723287710343472,-0.07402208299336645,0.01517490608241821,DTE,Utilities,3
89,-3.837866755301467,-0.4003985772545579,0.1390638338600885,0.49137297826476994,-0.1265761591160189,-0.047811060374826714,0.045905490119175475,DUK,Utilities,3
90,-0.29094475922118557,-0.333465708934887,0.5248478755878025,0.25046225906446684,0.2996391887996087,0.007440353939969539,0.10507337419283638,EIX,Utilities,0
91,-3.4340056933650214,-0.4212822474068319,-0.20044183596581278,0.42735329546611356,-0.10687731798701261,-0.04285243546740533,0.043719279580478505,ETR,Utilities,3
92,-3.2522293720811395,-0.5120242598542599,-0.003978930296113573,0.3615994314255243,-0.10588385117438116,-0.014819235643636089,0.040060633000315975,ES,Utilities,3
93,-3.0194707011713113,-0.5789266628380876,0.3591627134572967,0.2950104083312288,-0.09731974383434132,0.021482692962212804,0.00830148041038546,EXC,Utilities,3
94,-2.3777448541125206,-0.6460456382603829,-0.2078869368285016,0.14873247505945983,-0.03314416001816055,0.051217024954545526,0.030216879300394482,FE,Utilities,3
95,-2.986477381680596,0.07121361628672908,0.07473970937437951,0.24944479558036603,-0.10371345381596189,-0.17384910618827656,0.024187509056307184,NEE,Utilities,3
96,-2.5992692628259366,-0.682149935922965,0.19273581987203228,0.16663427506764195,-0.049045770421168866,0.06514283587129621,0.02893528216599377,NI,Utilities,3
97,-2.670359958375892,-0.6982405934228372,-0.9456340118247318,0.11603253249086587,-0.09579929837505484,0.089082016194419,0.026185298047067894,NRG,Utilities,3
98,2.8477766908762994,-0.33117290083631384,0.9237440388425163,1.7879893426921352,0.42023866157800893,-0.2609329287769531,0.2898126018784253,PCG,Utilities,1
99,2.328578431601736,0.07355053430576859,0.7603701003914298,-0.22189427877103773,-0.09369204264837777,0.028007454663785635,-0.07252549734148689,AMG,Financials,1
100,-1.4408445528696883,-0.6131226189002066,-0.4064351680989878,-0.03467691223699707,0.01499523558652432,0.04754372893636991,0.02790444699448374,AFL,Financials,3
101,0.6639982681864405,-0.24219949661422385,0.4042933367764742,-0.446828528678341,0.1317410494012062,0.007013030031270128,0.08453783073559014,ALL,Financials,0
102,-0.19505153622014657,-0.20103256736185687,-3.908177138615194e-05,-0.19810582260726864,0.029440921824253893,-0.01380944249274291,-0.012068641206632053,AXP,Financials,0
103,2.059899925671746,-0.4863445022593667,-0.2343335646805112,-0.19464239614932805,0.03930915333565782,0.03467536048354473,0.026529551331313263,AIG,Financials,1
104,2.244925314962495,0.14240846578183042,0.7369245480889994,-0.025110507448690644,-0.0476691848789791,-0.018372892243922957,-0.026956009953874278,AMP,Financials,1
105,-0.997414229782121,0.02855547024478843,0.12459325736462096,-0.2562161794840311,-0.021089138524515744,-0.09186183540592374,-0.023699638013321183,AON,Financials,3
106,-1.7240717879331495,-0.43685884419542265,-0.028803384084963444,-0.05907547556684034,-0.02206358957032466,0.0008576515800235912,0.014937180751899055,AJG,Financials,3
107,0.7667631919468597,-0.17404307371618993,0.49531860214667794,-0.5322164928124605,0.1614879210561955,0.021320233523160464,0.11069495363966719,AIZ,Financials,0
108,2.333641418591197,-1.2260177552752018,-6.898263939230715,-0.0523198292255959,-0.05790539823735443,0.020429604991826545,0.022105690944089207,BAC,Financials,1
109,1.5756973675088823,-0.2981344831625177,0.5186911825473994,-0.3143502360023076,0.0844882373368641,0.01872533995272932,0.053872555682295355,DFS,Financials,0
110,-1.277962539828762,0.3460876006446831,-0.10389355560701191,-0.11418312345811682,-0.024509347754462608,-0.1259023499790265,-0.00283228889272338,BRK.B,Financials,3
111,0.39711253147240066,1.8115552099761125,0.23383228367000078,-0.18079157727134054,0.09849226639223109,-0.1145870073404218,0.034783103634959435,BLK,Financials,0
112,-1.7152454654706322,-0.688602331746985,-0.29927771044752643,0.04184244065298763,0.015317984238622975,0.08099638822405665,-0.005629691878126337,HRB,Financials,3
113,2.3563743990914525,-0.41316307439055966,0.46925461091142234,0.17992975594106256,-0.19698477037578793,0.0015338049959719546,-0.13355411368442677,BHF,Financials,1
114,1.3148411548826728,-0.21637960150634217,0.3252762457299701,-0.4375789264723799,0.032570036935860025,0.03558986069484397,-0.02110312953090932,COF,Financials,0
115,-2.223869247563963,-0.20108104331763185,-0.12691373279498944,0.06292882695784273,-0.06214990556826807,0.050372747529561,0.009802027025196962,CBOE,Financials,3
116,0.5693939567895991,-0.5464322963511605,-0.5558497927075517,-0.1103202907259994,0.0025239221665659213,0.0483083894887037,-0.036703835765053226,SCHW,Financials,0
117,-1.5742051163621074,-0.10853945964152564,-0.0213098091484885,-0.09208731910411837,0.002726835160863516,-0.04201895662194993,0.023244222701349068,CB,Financials,3
118,-2.5711597547153877,-0.42116158273443455,-0.1108524674900766,0.10216182873521705,-0.052292474877949906,0.014501837171337255,0.003984447466369194,CINF,Financials,3
119,-1.1559695921851407,0.07864382134721867,-0.02831167298194448,-0.1607875702235649,0.026596804235900277,-0.0592977382181176,0.014972127687805184,APD,Materials,3
120,1.380040034042642,-0.09028688389474616,0.6222049868150912,-0.12312604555772554,-0.040686610869566105,0.02624554638995151,-0.08403542991382992,ALB,Materials,0
121,1.048728972565859,-0.2008852812827959,0.4451170519066369,-0.5905437614181552,0.15800156739913396,0.021911548899816214,0.1105178174510976,AVY,Materials,0
122,-2.6993926844165532,-0.6428087191565323,-0.6869367834434132,0.1379699092725531,-0.09912365400519163,0.05964380101855949,0.019205645411693586,BLL,Materials,3
123,0.6255050360045419,-0.4621256416510528,-0.26625612458537484,0.3201923154009252,-0.0005211323451691198,0.016973559185459605,-0.10118204105597726,CF,Materials,0
124,1.0403408192676737,-0.5813346620949259,-1.8230663960118703,-0.05325241991320539,0.0594550102051121,0.026025868485934474,0.04071126311499019,DWDP,Materials,0
125,1.7667779179191505,-0.2092350395539144,0.46628962804568364,-0.2917387888829557,0.06884417188171663,0.028969818653918525,0.031874487418309845,EMN,Materials,1
126,-0.9646899572727595,0.04775727780982882,0.18765195561278952,-0.2584408669582351,0.013756351034623459,-0.06338989272967727,0.010891802689682246,ECL,Materials,3
127,0.2945999981403619,-0.25867584848017855,0.270222778235029,-0.15857068698023127,0.026721574438163444,0.03510598356626873,-0.043313386404344706,FMC,Materials,0
128,1.4960727571034647,-0.7909235582788956,-1.3630347334119817,0.42157531328617937,-0.07686385598241331,-0.02127969942943244,-0.10403635749815801,FCX,Materials,1
129,0.6442114973382395,-0.47395133681501095,0.12700793995890866,0.043503253598760755,0.10567338444148622,0.02708951906618697,0.019501230811565632,IP,Materials,0
130,-1.5918390192191092,-0.036498537992665454,0.005707577783960708,-0.0820455024263045,-0.0011839139608082966,-0.035185922925425994,0.017236375871212288,IFF,Materials,3
131,1.2672512223151466,-0.18711332261720348,0.10695342285964143,-0.42015758912230317,0.07073234595386917,0.05120002273694764,-0.020411290720745975,LYB,Materials,0
132,-1.2127546793510247,0.37500829252155077,0.058559961788034416,0.027377464508101402,0.031146930215972552,0.07106001843941853,-0.012981569954494659,MLM,Materials,3
133,0.04559668355813546,1.7145954540321071,0.16487020781979161,-0.24935243842888913,0.06368482958603007,-0.1437411701180772,0.03574204797143105,SHW,Materials,0
134,-3.9918038085188923,-0.6958483516273059,-0.33567170986827033,0.01397183083537962,-0.10503862378020869,0.14822414743622958,0.0768911201743259,NEM,Materials,3
135,0.9362628847848058,-0.35721900574430254,0.47931395325758647,-0.28007586978970955,0.011530850999555288,0.05617824712496076,-0.07453600359442988,NUE,Materials,0
136,1.3813334459886264,-0.10564710944118047,0.5042237273967032,-0.0072433845382597235,0.12996628311481173,0.004816785339004675,0.09918365867920646,PKG,Materials,0
137,-1.0773347419049857,-0.18627572567247255,0.06245377400319539,-0.056015277758554624,0.06631589009024629,0.01543173484011101,0.037146809789746334,PPG,Materials,3
138,-0.677154092083942,-0.5594961127372973,0.2377105430883212,0.11456766107510262,0.013922357848546858,0.057722627143737625,-0.06375111354575619,MOS,Materials,0
139,-1.0195156684280122,-0.12836141835577158,0.10790627648561883,-0.17742472173944154,0.03506376466266061,-0.0362544437101446,-0.00022882903162434203,ARE,Real Estate,3
140,-3.7456430576733912,-0.03202475641119196,-0.19108997285158003,0.2784132772004897,-0.15654446363492233,-0.09487795875279144,0.03000890596179033,AMT,Real Estate,3
141,-2.115743587080677,-0.609122505449963,-0.1687464212217718,0.0666051774416957,-0.018028327531138037,0.04078416864067105,0.019473751103991226,AIV,Real Estate,3
142,-1.5841618811974283,0.148219919948614,0.05396836228955581,-0.10678055215673087,0.017293495502048017,-0.13823498394838096,0.021881526727363793,AVB,Real Estate,3
143,-0.9254245338483728,-0.1347734460434564,0.16636531234600274,-0.2216693140023386,0.06482592055711414,-0.040166844455238424,0.03258518492378609,BXP,Real Estate,0
144,-0.5371121960202281,-0.5506372931803809,-0.058045709588491284,-0.07021077647235238,-0.002679778123768866,0.06424145072689846,-0.028455953581868414,CBRE,Real Estate,0
145,-1.8727038725098575,-0.2343337382812055,0.020249327718898816,-0.018267101885209483,0.014378616351317958,-0.04114019366992553,0.03065202438548865,CCI,Real Estate,3
146,-1.5166771133340828,-0.18066002817543775,0.12873689751431988,-0.03844427089397223,0.06301617238724248,-0.01579288246548024,0.031096547833711293,DLR,Real Estate,3
147,-0.8399717616355152,-0.6255842143774668,0.32124971381616035,-0.19094368748306362,0.07236482172669546,0.07580812131485029,0.03114916379669366,DRE,Real Estate,0
148,1.041666524199758,1.4552056008572893,0.3823706058562584,-0.6356697228150272,0.1265097195503563,-0.30450851972150406,0.08309928753457496,EQIX,Real Estate,0
149,-2.1640250968933468,-0.4646302061895506,0.11568841387485444,0.04736585011535149,-0.017109492406660973,0.010789133810277794,0.018820253659871642,EQR,Real Estate,3
150,-2.1275959954206107,0.49118365915414863,-0.16197639148331916,-0.001060372814040092,-0.03185695236351262,-0.24997932284715538,0.019004868983270966,ESS,Real Estate,3
151,-3.129499611167665,-0.3839847080450199,-0.13693077846599525,0.2715984687025494,-0.09000672088603967,-0.03832360616037573,0.02954377367975077,EXR,Real Estate,3
152,-1.1524542798001172,-0.13431608028866873,0.12013624425236481,-0.18240639811793946,0.03253540796052547,-0.061240103120062665,0.00798132493647245,FRT,Real Estate,3
153,-0.02173724668046106,-0.3963073030072564,0.3527641238712489,-0.3069041447009251,0.054596338122845325,0.036095593702071264,-0.021838924122292516,PLD,Real Estate,0
154,-3.5291088310146828,-0.713963478450462,-0.11542980271909349,0.2810510582316308,-0.06822673519607181,0.07263559713435479,0.04481958270909562,HCP,Real Estate,3
155,1.4145984558235773,-0.6443838152394286,0.10225022950975629,-0.4621147819859873,0.14819976658506712,0.08343514404333116,0.055829526934078486,HST,Real Estate,0
156,-1.3174166529091624,-0.6221107797585111,0.042415956722454067,-0.009538248905215907,0.11792126539131811,0.06064762476586209,0.029762697243030472,IRM,Real Estate,3
157,-0.5951427766260704,-0.7133461224477258,-0.04829405441926175,-0.046715148724284686,0.12740897887000827,0.06793341781668161,0.00641195464267224,KIM,Real Estate,0
158,1.0653176776701754,-0.42497610121754487,0.5149132346338157,-0.24533977111496227,0.1295386159175246,0.03399829415448994,0.03197198411298982,MAC,Real Estate,0
159,1.2153224761856463,-0.5210072949274482,-1.012300039173801,-0.40966734661673637,-0.007785259865967165,0.05604880151423266,-0.1372958822420981,MO,Consumer Staples,0
160,1.3397285572512516,-0.4883892986522053,0.23404822627274818,-0.7413853861836224,0.09263528460060705,0.09184242765200416,0.006426067018888515,ADM,Consumer Staples,0
161,-1.3228026088032494,-0.3247807070660593,0.36092437856407666,-0.05628570153280991,0.004705563861057441,0.03706503489615527,-0.030338698539614434,WBA,Consumer Staples,3
162,-0.8226064753025661,-0.5604890415478089,0.13686336020576997,-0.002552405320199902,0.04174391209037961,0.05888723069804181,-0.044308394199467416,CPB,Consumer Staples,0
163,-3.6368713608968197,-0.5136699595890142,-0.17677691091830194,0.1139253133629,-0.1427935542285704,0.07447923466871223,0.002192781868858023,CHD,Consumer Staples,3
164,-3.1359955858543267,-0.41090566680032525,2.10464468367388,0.1577339327292315,-0.03193377553940072,0.02612097370607595,0.02130263402662226,KO,Consumer Staples,3
165,-0.20098040854447846,-0.45360667371563396,-0.04109398402676028,-0.22094077902892917,0.08780939736733195,0.023868460823173808,0.0417262466337774,CL,Consumer Staples,0
166,3.380132440469631,-0.5498818364543953,-0.2935945645152099,0.23316589993122,0.013662926876239894,-0.07962675861095912,0.21566772713075605,CAG,Consumer Staples,1
167,2.0229734512956212,0.4238140266297845,0.40219443426902446,-0.5722165447255626,-0.08038083111560465,-0.09344516972394433,-0.12765235299415303,STZ,Consumer Staples,1
168,-0.09886759507554084,0.4934499711954519,0.11703187577857407,-0.15521929030238854,0.05864356469304474,-0.14567103401381132,0.022698313025578676,COST,Consumer Staples,0
169,4.883877695238227,-0.8124800966136291,-2.1366877595909717,1.1866896171652082,-0.2789596788603941,-0.22961249351465374,0.24305564177739097,COTY,Consumer Staples,1
170,0.90203362754269,-0.40243730044753845,-0.9001484460215923,-0.1560435982432024,0.05310598128409827,0.01825197422450813,0.010498973773105623,CVS,Consumer Staples,0
171,0.03096463824634811,-0.4244473062480427,0.354700000902739,-0.11605283512346301,-0.007289639779875116,0.045841382914281074,-0.05437147940870261,MNST,Consumer Staples,0
172,-0.5712887232192274,0.04681503848534289,0.23941395888472053,-0.04983576495231061,0.06616839268279584,-0.009901936437774405,0.01785279015560509,EL,Consumer Staples,0
173,-0.5579971319283733,-0.6232956526404383,-0.767351661115841,-0.07938355046059885,0.03417835776080267,0.05571645398191352,-0.02526835357370951,GIS,Consumer Staples,0
174,-3.7117733245919635,-0.6112568644425687,0.17415748131862305,0.3944290620620188,-0.15096769119449488,0.03415306595269492,0.0388156882951181,HRL,Consumer Staples,3
175,-0.7359489780290696,-0.17220291926360606,0.1264925620827402,-0.14155966592447974,0.013867460038363975,0.019395203541062018,-0.04546019648011142,SJM,Consumer Staples,0
176,1.1530649836977385,-0.36950876704808816,0.38345349046119065,-0.5624641435514025,0.19331649760459815,0.05011758104327892,0.13542475046743513,K,Consumer Staples,0
177,-2.2266722687261127,-0.19657685610168893,0.0036654665209261304,0.04421085261816784,-7.015415196485246e-05,-0.0033038084866401866,0.011258656194466943,KMB,Consumer Staples,3
178,1.7262545084590524,-0.4819437431595744,-0.35754271500620366,-0.35235112615075626,0.09465390338470699,0.03620834895447789,0.0371278298010752,KHC,Consumer Staples,1
179,3.161565601560555,-0.3323749620791931,-0.05656067739477492,0.3365525065566114,-0.21807639424456438,-0.04648909243983565,-0.06032651695552469,APC,Energy,1
180,1.9578139319075123,-0.27972275388397316,0.25420165927995286,-0.18859147670674586,0.05215219252284782,0.017175687589222586,0.017122943939554238,OXY,Energy,1
181,4.8419301313728695,-0.37837157759456086,0.37974376972549023,0.26599376534632807,-0.547359262373419,-0.054655381979686064,-0.11065617252275277,APA,Energy,1
182,3.7419507381746913,-0.5175872365554414,0.2011178750383557,-0.4293894636923152,-0.004670331358546543,0.05035475902519445,0.1336668719607545,BHGE,Energy,1
183,-2.0226439901591875,-0.7270246743725545,-0.6679612759709642,0.055433212345318256,-0.0005498490422152607,0.10763996901351422,-0.004439343546219418,COG,Energy,3
184,-0.02926098494724917,-0.12711193831838888,-0.18520543814593254,-0.20317694121678254,0.09976948126267432,-0.006464904360253364,0.03746552496191213,CVX,Energy,0
185,2.675204648792192,-0.05270767987117892,0.7694434611934731,0.4598826905402053,-0.17461222370227267,-0.021497947282760537,-0.032862697553487,XEC,Energy,1
186,2.469800459600851,0.24617788680352254,0.5973953724379737,0.32231523828629965,-0.21303278124914296,-0.0124003616588002,-0.11499893704602074,CXO,Energy,1
187,1.2105236589473112,-0.3005729612501876,0.21182202797903482,-0.07117634704158404,0.058240591043774756,0.028275103884799205,0.030254536820003352,COP,Energy,0
188,4.6101240787375914,-0.5407248784186488,-0.8380240472966787,0.4941456272228928,-0.47766365041952497,-0.08889205464368657,-0.056805163493217264,DVN,Energy,1
189,2.545984369030524,0.04188543350639504,0.5916077256801517,0.1812810790675666,-0.16757457324602906,-0.024878961807416663,-0.07782410838655457,EOG,Energy,1
190,2.9474184007715962,-0.5864803428878843,-1.3706025123458152,1.4162127628483057,2.134714789475355,-0.24260552672039212,-0.3060491789521658,EQT,Energy,1
191,1.5035594717295735,-0.28701849351861686,0.3411259704362514,-0.6275527998719046,0.058949655218449144,0.04197230129773505,-0.037780904843091406,XOM,Energy,0
192,3.6815489908712196,-0.52179265781782,-0.32579737983626866,-0.1973705790101911,-0.14098686778722008,0.009485136202220195,0.008190912158636932,HAL,Energy,1
193,2.1695004157032467,-0.24823225383958777,0.7005494630981498,0.2882029279884609,-0.13106935874998146,-0.019686100337047333,-0.13044480100441297,HP,Energy,1
194,4.584000497942114,-0.24022983128889833,0.43626613673681747,0.5307488061516993,-0.3229848380038864,-0.10097264312794084,0.16909621518214502,HES,Energy,1
195,0.6800308953124949,-0.7660747883355578,-0.9670527906459417,-0.2279946354837147,0.11914229643024161,0.07092313586416471,0.05729184408053583,KMI,Energy,0
196,3.9119723539553974,-0.7142406429577232,-1.5313011942760266,0.638296019627593,-0.27443430854832596,-0.1092303616890965,0.034340287229776716,MRO,Energy,1
197,2.329656058612915,-0.32977502118438845,-0.653005192463629,0.037652016505345415,-0.07329809838081332,0.01809740738584305,-0.0537631341436582,MPC,Energy,1
198,4.6314319309472545,-0.41308158842835785,0.40783034820722747,-0.23065003276425916,-0.4088852148781496,0.014259098383076737,-0.10937820389381006,NOV,Energy,1
199,-0.042348523449808335,1.5547064103199686,0.30146296504075965,0.03949079076542974,0.03406813855749848,0.040400329651850024,-0.04577136276124151,BA,Industrials,0
