,PC_0,PC_1,PC_2,PC_3,PC_4,PC_5,PC_6,PC_7,symbol,sector,label
0,-2.6272907123550135,0.7439732930897842,-1.858981455553511,2.536480912651368,0.0892576969745604,0.007454017347537865,0.12654376387762642,0.020614146155702166,MMM,Industrials,1
1,-1.70221829011526,-0.30258237084395684,0.2649760430734645,0.09580813216586286,0.11405530859757723,-0.0786375214931119,0.02461839040863747,-0.02068441411266573,AOS,Industrials,1
2,-3.576541941074374,0.36004842754949606,0.8608775900579939,0.44815535062649897,0.08970584637810727,-0.1367355365615691,-0.1478094357159474,0.08480378770152915,AYI,Industrials,1
3,-0.20044977893032942,-0.3513692895649225,-0.13521269163052851,-0.13397639975850206,0.1262628230257628,0.02462531753337897,-0.025195298838503848,-0.05183861899007497,ALK,Industrials,1
4,-2.2880147634957546,-0.15952364515168116,0.5118622489264443,0.28839855947474047,0.18114090423476878,-0.052746940864946856,0.03155201974589044,0.012176110355474789,ALLE,Industrials,1
5,-4.95262968639128,-0.042813361565154764,0.542977279217605,-0.14264030917566264,-0.19156323723278898,-0.31922883955929365,-0.12549298076752358,0.16463398900948395,AAL,Industrials,1
6,-1.6094860005482798,-0.26663895195737863,0.3023058058273905,0.1532253055350544,0.12145104605080649,-0.0739774588836567,0.04966793688313066,-0.01472852698949841,AME,Industrials,1
7,-4.641450042433708,-0.2923226456533367,0.42401205383242463,-0.21100878464130826,-0.2830414582696164,0.311391314875027,-0.043097440937902055,0.38379294764095706,ARNC,Industrials,1
8,-2.5464164706881935,-0.04413234230539801,0.45912568407406584,0.1687116359028223,0.0954531145324945,0.00411594695270947,-0.004410127870048568,0.03967452720645041,CHRW,Industrials,1
9,-2.411191399498408,0.6831561445712676,-3.01429170971104,2.0653275166544596,0.07832258888870672,-0.05796554969324068,-0.07346364355311531,0.004922270542809335,CAT,Industrials,1
10,1.343650800079731,0.08970895474035369,-0.45254758484493424,-0.3351966399887952,-0.5394637305976235,-0.04174076395862122,0.10171558823412637,0.04569114901523887,CTAS,Industrials,0
11,1.972165172989726,-0.6057415416687185,-0.349201227394908,-0.02639491370369117,-0.15421372302971628,-0.07651013284858982,0.005569762616849442,-0.03450701168296894,CSX,Industrials,0
12,-3.902359723729677,0.49055414136089215,0.8310859317896025,0.35371058628463364,0.2500559055062042,-0.10591075492950089,-0.03536013117730294,0.0687049444682496,CMI,Industrials,1
13,-2.1075380340126455,0.46268517793505903,0.3800762673646772,0.0969787139053943,-0.0034234780405742655,-0.03172131330322571,-0.18232836131064936,0.006820492161516729,DE,Industrials,1
14,-1.8565282282093512,-0.2712323821884556,-0.5390216263271707,0.7510711639318358,0.05233677055722389,-0.06995282577573737,-0.007032043151160666,-0.029869267945449984,DAL,Industrials,1
15,-3.4193917937618323,0.010756766117120769,0.7256152093444326,0.35505382498798527,0.020544067377878776,1.480033722536699,-0.07799508269012997,-0.34106904683548805,DOV,Industrials,1
16,-1.611797099430211,-0.24985811768790903,0.40148705479985386,0.2719854385395383,0.11291942051680857,0.022307446782338064,0.04184038872827725,-0.009144415350413262,ETN,Industrials,1
17,-0.018565311794651783,-0.4054682203254568,0.05452534186528365,0.11813568808420831,-0.11886601566806852,-0.006402543638277268,0.004320669331380806,-0.030967361886832124,EMR,Industrials,1
18,1.0930759537211918,-0.36780943364638397,2.517654482366428,-2.465962428219392,-0.020522937962628645,-0.048562608169654055,0.026277083405495852,-0.04827359378475499,EFX,Industrials,0
19,0.5263132754686554,-0.6991220057922936,2.009927882304893,-0.298070864250375,-0.310323504273406,-0.012265611816676632,-0.021557578039353268,-0.026605299647233818,ABT,Health Care,0
20,-0.775997456520865,-0.031927124982193834,-0.320538886134341,-0.47879301316602696,0.17203392908351123,0.05799091917095218,-0.024105944962269536,-0.03965446352546385,ABBV,Health Care,1
21,1.5290391758100714,-0.17222078004899052,2.5356740627539605,-2.367738849434339,-0.421567701094993,-0.05739813644039711,0.11570657388850723,-0.013069884754450476,AET,Health Care,0
22,-1.6030892330716533,-0.2825575846814437,0.2792779587635359,0.12455216840585026,0.03435614281942869,-0.04438799552728725,-0.0038342780315465358,-0.007453033611371991,A,Health Care,1
23,1.1639268275990702,0.010328525833788849,-0.2553527017777741,-0.07266401707364965,0.4225456379880202,-0.045918679998606916,-0.0982873168854858,-0.11716440841925402,ALXN,Health Care,0
24,4.531184546084037,1.4087228731054164,-0.8188691688558027,-0.27985728617110645,1.2417738175314585,0.1310663228983934,-0.38994896349699565,0.240974218843214,ALGN,Health Care,0
25,-0.387457731047548,0.42997449708186003,0.0527666646450603,-0.007087247596266515,0.0979921861296746,0.01523129782081741,-0.17078163043548655,-0.03657996752789341,AGN,Health Care,1
26,-0.38234781787585287,-0.10525500545757972,0.02496343348858062,0.008225796265767499,0.11745846416725841,0.034619228827271385,-0.10553861256682624,-0.04302032560944866,ABC,Health Care,1
27,0.8363218125882267,0.45198287229349876,-3.7388369568476847,2.4534262438145906,-0.40826738771874416,0.005925867323806439,0.02698617310267731,0.01285286526018273,AMGN,Health Care,0
28,-0.16209614205700681,1.067971291327645,-5.559108302369607,4.411045654032111,-0.225194835993127,-0.07365251319925763,0.00782229510711398,-0.040605997414559454,ANTM,Health Care,0
29,2.218583919209528,-0.605398048233147,-0.3450972343567431,0.006439963512847409,-0.4343655053712149,-0.04767330379282745,-0.0025468438924760397,0.019997851604558494,BAX,Health Care,0
30,1.536727671854942,0.4251449066823178,-0.4129809247273266,-0.27648865434180575,-0.3779235778499853,0.06009191362024523,0.08753050906700861,0.06462457119570732,BDX,Health Care,0
31,0.6994766579147605,1.1724060632645361,-0.23124337908316253,-0.2426216815702076,-0.009057080391592878,-0.053170632546323475,-0.2052013113668805,-0.005723662709688511,BIIB,Health Care,0
32,2.4373684942598257,-0.785291476425101,-0.8154793619640395,-0.4842730019048773,0.14537398041181288,-0.12494410385931226,0.0422491572959971,-0.02824446847352233,BSX,Health Care,0
33,-2.8805191122115015,-0.30023803985385955,0.8461453481748071,0.6083917470450597,0.1676142866860242,0.08776930339594928,0.020627995601503347,0.09016795467363409,BMY,Health Care,1
34,-3.7707113140514874,-0.05003173106924016,0.3777019483521841,-0.15133379075802392,-0.4104776011836334,0.19504603546489158,-0.15741527732158722,0.1738014227033733,CAH,Health Care,1
35,-2.6958729127848042,0.057493121405655996,-0.17990363873967016,-0.6315776068169731,0.2367671421503514,-0.07585504858933127,-0.0296808896925647,0.04356918846200394,CELG,Health Care,1
36,2.0632654725296056,-0.26418748307767614,-0.33410776253176616,-0.03190345837346968,-0.3431112982633784,-0.06332867512496539,-0.021767408797528642,0.021499964848440054,CNC,Health Care,0
37,-0.08781692679279475,-0.4387384956535656,0.0056703615550657204,0.05415072838449249,-0.03519661042036413,-0.05181783861721601,-0.008415842669484254,-0.02090337773014641,CERN,Health Care,1
38,-0.2580855591055805,0.24632395745611643,-0.0455511323465509,-0.10095808903197291,-0.1103802598628802,-0.06356236329812866,0.06566504082359846,0.0007164120829156757,CI,Health Care,1
39,1.220030769120617,-0.02264750387051807,-0.21107840703796737,-0.04171335466128432,-0.2965261201531526,-0.013384856322931044,0.06742016572726843,-0.041433380648074836,ACN,Information Technology,0
40,1.955356095302721,-0.4899442124633582,-0.2564572295296832,0.08002635938476088,-0.025985709550928732,0.010443989712951296,-0.03454804064220578,0.029356227888988284,ATVI,Information Technology,0
41,1.7571529260445717,0.660496412341167,-0.12983928893296873,0.09523625414025039,-0.11118031872332126,0.03873983064193332,-0.10830844283633648,0.0507626130067174,ADBE,Information Technology,0
42,9.031986953669836,-2.6191530428684966,10.089013795204599,5.471112258724056,0.3626228978836532,-0.010289842362570065,0.027812192336185034,0.07828861986869767,AMD,Information Technology,0
43,0.08267273761067973,-0.35247007262340574,0.04423879663328187,0.12261347902386081,-0.010795889341200425,-0.029371809713256456,-0.007708933083389819,-0.02271221816749535,AKAM,Information Technology,1
44,1.4264741567346002,0.45673785653670773,-0.4180899796010043,-0.29872308047804913,-0.2788361555056408,0.008014822891468511,-0.012935701040268392,0.03622375011781805,ADS,Information Technology,0
45,1.6827340752830728,6.234021559723249,0.1710551870746971,-0.04825777880115461,-0.11554185785793336,0.025148059432745173,-0.13724603443892086,0.02231446888540976,GOOGL,Information Technology,2
46,1.595716894769013,6.044323881345175,0.22932995481014087,0.02090928491497591,-0.17012997364431878,0.01963507666684887,-0.0024922739264281795,0.010252428480380141,GOOG,Information Technology,2
47,-0.04547402802337291,-0.34842271415764636,0.015181730265578397,0.05361039962781599,-0.25848622342200306,-0.05981310611237358,0.04406558626411342,-0.002880677766343294,APH,Information Technology,1
48,0.6813987750922221,-0.30098499953118296,0.003110348106706555,0.1588471164488567,-0.18957294867003607,-0.015099106359343422,-0.012770309121990859,-0.023712356439182847,ADI,Information Technology,0
49,1.521244786198579,0.1945799478896147,-0.42815858155901315,-0.2695450890270474,-0.22584412746240382,-0.03447956951602012,-0.06272122096838552,0.03095504267142591,ANSS,Information Technology,0
50,2.0826678570535164,-0.2352716364722485,3.5334915918669103,-0.5053316230701285,-0.5165743804591838,-0.06732208624177359,-0.014431782706893714,-0.07976160248771498,AAPL,Information Technology,0
51,-2.8532159755020055,-0.16684676009651464,0.26937932208768817,-0.112369781115344,-0.15762238616700888,-0.09683699687198247,-0.12105668937580846,0.01741532211766646,AMAT,Information Technology,1
52,0.19880227392290778,0.16216397974501245,-0.06869444425299319,-0.033569204936502284,0.10710847479604109,0.00532309540620888,-0.12286349470748914,-0.011108587078604857,ADSK,Information Technology,1
53,2.7903750985331808,-0.2876950181911943,-0.597612622321595,-0.24350158214126189,-0.671930137121443,-0.015222858796413361,-0.008714221532528703,0.06267746672288962,ADP,Information Technology,0
54,0.44072518536247696,0.8101527606395892,0.20405795410818023,0.27150105585536366,-0.053082110533912236,0.054445222304581535,-0.11572257066140221,-0.017584192676430764,AVGO,Information Technology,0
55,-1.4567994131606767,-0.3973316714673886,-0.15065928137528425,-0.3549071901814999,0.16442499193165053,-0.010275057286823278,0.047595839612477195,-0.006434964397118867,ORCL,Information Technology,1
56,2.6173539564689037,-0.7707990694271425,-0.6745444536051112,-0.30164065084762715,-0.16919630408441527,-0.2775786654159007,0.006329024663443424,-0.09340904553092585,CDNS,Information Technology,0
57,0.3241891035843491,-0.6701644446727119,0.5253110871266081,0.7588110720974038,-0.30792818956503226,-0.0009041321205357358,-0.02870389684807096,-0.04114461736212938,CSCO,Information Technology,0
58,2.190412631780251,-0.3936564041475912,-0.46645986297913195,-0.1758896033211358,-0.6907519890560825,-0.07744076560604451,-0.02353868124819787,0.051123028962353004,CTXS,Information Technology,0
59,2.422533278000584,-0.046250819378932925,-0.6388539582946559,-0.3358961354378759,0.17520935435373539,-0.11119011369577719,-0.11509881057002287,-0.027141182075941763,AAP,Consumer Discretionary,0
60,4.170401960118098,9.122551308206718,1.5015552411735846,-0.7795577961609511,-0.1560610499647814,0.054077679485448775,-0.09239538834893124,0.07633330444507291,AMZN,Consumer Discretionary,2
61,1.2687600510268444,-0.34627126035449574,-0.25671570126406823,-0.05171753434376264,-0.12363559326813359,-0.03021280723077493,0.01394245521423755,-0.015434794683085984,APTV,Consumer Discretionary,0
62,0.9963751320522852,3.675313457863237,0.021019337291923422,-0.10534414197742162,0.07944629142035914,-0.05173997458358518,-0.3707858056843076,-0.030321750497560133,AZO,Consumer Discretionary,0
63,0.3415798898341027,-0.2950926220056775,-0.30245948730477207,-0.24879826198255842,0.18220132736857306,0.061602158564435815,-0.022043792302314826,-0.036180269771337405,BBY,Consumer Discretionary,0
64,0.19752880114132518,12.223138570968635,1.196262371771396,0.40649906719466267,-0.16507844094736934,0.0427010749582093,0.5501146541328472,-0.033973032406149975,BKNG,Consumer Discretionary,2
65,-2.997477550456403,-0.24589854542042838,0.42714778993940383,0.07155594120874505,0.08919603043361385,-0.16511602111993062,-0.01888123106742291,-0.0019056806498843435,BWA,Consumer Discretionary,1
66,2.169775711725228,-0.49880874607634224,-0.6045980049566031,-0.2838971554218779,0.46620948645541016,-0.12927154258328694,0.04048438688973461,-0.10325841476193023,KMX,Consumer Discretionary,0
67,-2.91719761825277,-0.18638583571561246,0.4705227700399465,0.1341118102653475,0.10521115975765868,-0.020167978815794557,0.0033462629487136853,0.036500138909935496,CCL,Consumer Discretionary,1
68,0.7418072461560654,-0.4934913287478952,-0.4154249719965716,-0.30320757147791133,0.1827910597116969,-0.048191725480092804,0.0061331124743140035,-0.08343959570566477,CBS,Consumer Discretionary,0
69,-1.23026155601169,1.5646396246238161,0.4383922039601069,0.21874629516034913,0.032003849423444766,0.012152731209461434,-0.45239474437905486,0.012653112073863975,CHTR,Consumer Discretionary,1
70,4.098891405820799,2.0736806199716065,-0.7041632382740505,-0.26269072631598545,1.552548319087579,-0.2994172842531151,-0.29438155730942767,-0.2015707941576729,CMG,Consumer Discretionary,0
71,-1.7819739177931633,-0.29316730624233167,-1.114583572389562,-1.5706770833503636,0.422332425609075,0.02810537061310123,0.05034446757702556,0.005141309373996576,CMCSA,Consumer Discretionary,1
72,-1.4835139065334164,-0.3610984456337625,0.022529824214052967,-0.15632287553316604,0.08320828391612492,-0.022866574813399126,-0.0424515255243149,-0.02099965881821228,DHI,Consumer Discretionary,1
73,3.2790196833303096,-0.4649292525877254,-0.8213825665808919,-0.3767091340977795,0.3195964125247512,-0.45351211052149476,0.05080169793806181,-0.2746988148428299,DRI,Consumer Discretionary,0
74,2.8593385598035534,-0.8651819964740364,-0.5774715189036083,-0.09562757443584578,0.6368646658640001,0.022462093783245672,0.0968908034418476,0.014693709377330319,DISCA,Consumer Discretionary,0
75,3.2178469792592503,-0.916192360620576,-0.5473195903601996,0.00833738342616599,0.7106644823698846,0.07308521063865756,0.11717283985996908,0.06503436989004399,DISCK,Consumer Discretionary,0
76,-2.371472226384811,-0.36074649345543724,0.30548258054220406,0.03056553476262729,-0.11873363984966298,0.007352972354617929,-0.08272945117230848,0.030269108381869497,DISH,Consumer Discretionary,1
77,0.12157631440853889,-0.22838126262863354,-0.023456800803420608,0.033783090272313444,-0.04415658201296238,-0.09440690672824174,0.000550936827140774,-0.08427973679433287,DG,Consumer Discretionary,1
78,-2.6104649273795317,0.023170930165477083,0.40157187242449727,0.08162307816727357,0.04238170416889613,0.11113604314267057,-0.04069317543911282,0.11408664076848309,DLTR,Consumer Discretionary,1
79,2.637141398017822,-1.0221686294247743,-0.2118353525750854,0.26885833256939695,-0.5365644752790305,-0.07121346226622562,-0.045880691289950204,-0.043665956238855004,AES,Utilities,0
80,-0.05857654599909842,-0.5963735250260502,-0.1426688006589214,-0.1149909373385856,-0.22030476495463946,-0.025145447264895565,0.01756459062327285,-0.01732424650589851,LNT,Utilities,1
81,0.7284122837138983,-0.5538848010202665,-0.370690658175677,-0.2733099348380515,-0.41506087170160294,0.012316480509565996,0.007629117378931558,0.016636517927707938,AEE,Utilities,0
82,-0.5334327209969887,-0.4283217460034262,0.06992320698235266,0.05414407327972633,-0.10915300515962995,0.0166558035210896,0.058153953347394316,-0.013664971211561423,AEP,Utilities,1
83,0.22782262240641107,-0.37757079443911906,-0.2030493518345981,-0.16334617703422202,-0.28197005838867484,-0.029514301024347333,0.04271921071133995,-0.0028282670259933865,AWK,Utilities,0
84,-0.4253510856225545,-0.6211016543057057,-0.2529254130496925,-0.2965066031199168,-0.017984005976595028,0.03452638075816287,0.026143313716591256,-0.020495369716663447,CNP,Utilities,1
85,0.24105036434700175,-0.6086124759711725,-0.14128821142559633,-0.06632414626596464,-0.3015435552596988,0.0019276055708096307,0.015998523544684198,0.0005440755667095789,CMS,Utilities,0
86,-0.5871904306224958,-0.36731444782259143,0.05781604889110762,0.02586624514556698,-0.09532047839650716,0.02169181209733823,0.06570787346060386,-0.010736635109127755,ED,Utilities,1
87,-0.4437840731950677,-0.4468926215346308,0.07632802690859311,0.0777931546226745,-0.13055440925237188,0.05388956224873628,0.049164635675212766,-0.019544769067986904,D,Utilities,1
88,-0.8626374846369205,-0.2057710890856935,0.13398656596046543,0.06130674150239325,-0.021819556238593954,0.016809915043166073,0.09881570701462263,-0.01413441905492293,DTE,Utilities,1
89,-0.26488461775153227,-0.3811191468596321,-0.09022725388224884,-0.10195443198637108,-0.17675024390787178,0.07277490203381791,0.05970647543872283,0.007811211914840318,DUK,Utilities,1
90,-0.8083369483767249,-0.4156686257151372,0.09753191101085737,0.04505830839701459,-0.026089337905496987,0.017574643271010413,0.048889422909130044,-0.015931067692251027,EIX,Utilities,1
91,-0.30092879889843444,-0.36528953106612366,0.05084455665401359,0.06252565520152574,-0.14684066762053047,0.05177345712932283,0.04723926660862446,-0.011747367791762926,ETR,Utilities,1
92,-0.9462459187335241,-0.4251814803724966,0.010732832288638854,-0.07955910010657587,0.02337056487772546,0.016118221043116953,0.05956144853351955,-0.006316288534001017,ES,Utilities,1
93,1.8805392139582948,-0.7952900922095785,-0.20045909468672837,0.12345405193142363,-0.8805851136953016,0.0789376206036997,-0.06502069820876613,0.08394526441226047,EXC,Utilities,0
94,0.5716471494264626,-0.6952317915541849,-0.13539226419749675,-0.0028008043677919567,-0.4320467344445332,0.0005266598491071096,-0.023503434124960098,-0.011217612866560875,FE,Utilities,0
95,-0.17454600988658922,0.07003751007834567,-0.017095077381388966,-0.042399319299112316,-0.2249144030645012,0.0018100250077346955,0.13656980032654886,-0.0036621099152125895,NEE,Utilities,1
96,1.1632086103859696,-0.7727733258632093,-0.45537820196878925,-0.2834022255482251,-0.3867170529044188,-0.020839447913830297,-0.017503508368408097,-0.005602710209769793,NI,Utilities,0
97,-0.8582512973612597,-0.5162761064734614,-0.1955116609929377,-0.30253634767433485,0.1103030324569772,-0.045502875324703734,0.015307209183556651,-0.018594734992776724,NRG,Utilities,1
98,-1.323020987516871,-0.40635232295311324,0.02970380024481618,-0.11707878009813148,0.09789702314026497,-0.05168752670670296,-0.008509971848093536,-0.010921819314837473,PCG,Utilities,1
99,-4.418306013169326,0.6075619684571602,1.034587552864781,0.5128286889810881,0.4629207505698994,-0.20754748291806263,0.003917106679438231,0.06464631748182573,AMG,Financials,1
100,-0.9275866095432688,-0.5185192778448011,0.019764365610894567,-0.05871668533900526,0.002115527538758862,-0.021513546746773082,0.06410992387833292,0.0016156160961973243,AFL,Financials,1
101,-1.5673072374266581,-0.17140530412613217,0.26581668157994176,0.1117563996587794,0.20604542436874063,-0.011845067346743638,0.10853984797235094,5.223693774165612e-06,ALL,Financials,1
102,0.5065837440243787,-0.2566951206799231,-0.24642410232589498,-0.173075354483447,-0.1114320927561221,-0.08744014146911022,0.025692943727458194,-0.058983694588929964,AXP,Financials,0
103,-0.5584420428982438,-0.5946614277017145,1.0612194363108371,1.255935899544063,-0.26403530723115964,-0.04619569422053892,-0.014025516437181322,-0.05145576574376611,AIG,Financials,1
104,-1.2537538381851496,0.25448158114931235,0.09760925613595182,-0.08130027987137148,0.09973279284844938,0.0021288637202759395,-0.039472567914717954,-0.014382042782873831,AMP,Financials,1
105,-1.1271507075334681,0.050113361711343556,0.12493343513175681,-0.012606659224152411,0.07533004332680635,-0.05942377531087243,0.14090468730134664,-0.01397547414270902,AON,Financials,1
106,-1.5574223714314475,-0.34023565528406263,0.28427699834792963,0.14947072348264975,0.18101857097121868,-0.03088979530365647,0.0891820562020233,-0.016746923842784322,AJG,Financials,1
107,2.057682096090734,-0.3348442254740417,-0.5867018157982121,-0.3196116010807596,-0.08871315818193587,-0.02301580810428756,-0.018906639211483414,-0.00959184216822528,AIZ,Financials,0
108,-2.384235111836072,-0.23656617555930887,-1.419994362940458,-2.0358284036142993,0.6221300010575866,-0.01653411226368823,0.10652832144977083,0.03867299017971302,BAC,Financials,1
109,-0.7297238135738756,-0.296526453605502,-0.053584863496269175,-0.1333253468533106,0.019281768511891142,-0.02271911848483267,0.020515935778695708,-0.009588609522986787,DFS,Financials,1
110,-2.0382331445925552,0.4448492478445677,0.12377003409211348,-0.18750276093288282,0.3513121778846727,-0.09475452330113654,0.23186270404828382,-0.01476969023132358,BRK.B,Financials,1
111,-1.415423109739553,2.6670284830259634,0.5103239417682075,0.17669147391995205,0.11436626337244821,-0.0017616260770436315,0.04974510869526924,-0.004605621301685714,BLK,Financials,1
112,-1.755689993701456,-0.5465096800901419,0.5223641703942549,0.40944865597631147,-0.16551429021347575,0.11810887894673806,-0.04593713908438751,-0.058408306440139474,HRB,Financials,1
113,-4.536148679114728,-0.11030155407620935,0.8036494227830745,0.2623130411626694,0.11887410289004206,-0.2088987557127455,-0.05371317929276498,0.13635776843806213,BHF,Financials,1
114,-1.3739535157269942,-0.09140519557621588,0.03414593366464209,-0.14629964939403103,0.13696583471792984,-0.03193454540658436,0.023870543650275026,-0.008568743912073292,COF,Financials,1
115,-2.487332398238543,0.06447015176547718,0.4341371169007734,0.14705383805152808,0.3062421247301467,-0.10417386964702574,0.02188477365977293,-0.00805354108423695,CBOE,Financials,1
116,-0.13173592211427118,-0.7015544630842053,3.992824619763688,-2.9628266100343774,0.14809022676417727,-0.0033282587674371084,-0.041625044288105935,-0.027575866009372896,SCHW,Financials,1
117,-1.9554483253056598,0.09085423410775245,0.3966836438506299,0.18496588028215033,0.2647613710882194,-0.04433682823156016,0.12198378770383768,-0.021043878872862933,CB,Financials,1
118,-2.5548271701422167,-0.22051050634414382,0.5054117340739818,0.2501549745361312,0.35398376586735675,-0.005771770202414477,0.08798673033670527,0.006684045482245834,CINF,Financials,1
119,-0.9569730002293626,0.18773027910943224,0.1954674835630632,0.08612358733863199,0.00819023177115601,-0.009020095175895809,0.11556370671056511,-0.0197240069023739,APD,Materials,1
120,0.08638571619498699,-0.11343071172257072,-0.26035576165199004,-0.2624366995329843,0.0609333507615066,-0.028566965068554905,-0.06128598055242151,-0.03828706779866553,ALB,Materials,1
121,-1.2838593439995867,-0.08324937548598155,0.1490856385047692,0.004623389099285503,0.09878682292244538,-0.038850766956008295,0.05895615174039833,-0.016590844593515935,AVY,Materials,1
122,-2.904793528032059,-0.3723671729373907,0.4544807542166452,0.14856814722911443,0.4687153687166055,-0.11808473879817623,0.0809031608733411,-0.011509613667968972,BLL,Materials,1
123,2.4985734738916903,-0.7248399444910674,-0.4844265254954459,-0.07945873926181785,0.08316025341363817,0.09204682929509374,0.0008157687237517802,0.03838589666078357,CF,Materials,0
124,0.3362315311197819,-0.4618729988926565,0.29802622243783583,0.4772155550214917,-0.10616515103152324,0.020641471661103625,-0.029282070057125683,-0.039077243297700064,DWDP,Materials,0
125,-1.4447338699614536,-0.03628579076705083,0.19886249212756624,0.035333605481685994,0.11640265669712921,-0.03119200285650901,0.022544838382653722,-0.013401113728882662,EMN,Materials,1
126,0.07156503364051167,-0.0040037724875595085,-0.13327814773131502,-0.13395891022270154,-0.18587769903829734,-0.03838965640226853,0.09432949323845617,-0.005945270601264242,ECL,Materials,1
127,2.1603786340433677,-0.41205861469183924,-0.6248277571086748,-0.33712779899795525,0.014180987188866626,0.0008573574978169594,0.018376230454527517,0.028528332491239258,FMC,Materials,0
128,-0.8125525728814739,-0.60395755730092,-0.11546029952593569,-0.1863482043350643,0.16765188599205383,0.06764813355399225,-0.009987583944749422,-0.11177003171968448,FCX,Materials,1
129,-0.5897364718275295,-0.4260657481992093,-0.06467606397112581,-0.1107683883432252,0.0352897181060007,0.030032174086139625,0.012560527266435244,-0.02768614848050722,IP,Materials,1
130,-2.267072723697897,0.14989474384430598,0.40276703038860184,0.13126539231047624,0.12658370702969418,0.09215146799366755,0.061804301992618785,0.05840576370370849,IFF,Materials,1
131,0.14277610447076378,-0.06697432628221803,-0.07587263599337613,-0.03407818683548545,0.04780684991918352,0.05202672345053031,-0.04726833074812276,-0.03837265868852315,LYB,Materials,1
132,1.0714561200928465,0.5734592076868726,-0.2943785662894728,-0.2085450966419312,-0.08367779389040733,-0.017074865759837726,-0.08820647121461139,0.0027821105840310687,MLM,Materials,0
133,0.4768226730037267,1.633227363184886,-0.05265962736977049,-0.11008420138606985,-0.09384542646503716,-0.03672899355150572,0.020055062566236886,-0.02736064939207863,SHW,Materials,0
134,-1.725999603600351,-0.4742779719751152,0.3447338505316107,0.20449395547463517,0.1318119338582205,-0.060104185222869075,0.03695627882165853,-0.014676305458307158,NEM,Materials,1
135,-0.13192327820727298,-0.37591374882862194,0.01088589359586452,0.051734948746329126,0.03089048210271709,0.0286995707362782,-0.027000093231097224,-0.033336759033963465,NUE,Materials,1
136,-0.5746644819067048,-0.04943341371037747,0.007181681337996612,-0.056827517884889905,0.003999310052307816,-0.0016878168679142515,0.03188852750073539,-0.02808590345555168,PKG,Materials,1
137,-1.6759693582931425,-0.06762687479758098,0.4407160618213636,0.29126755361763285,0.09579662208699583,-0.02891352020003404,0.04471837341973132,-0.00765117066979478,PPG,Materials,1
138,2.0008415540131503,-0.8154349941027343,-0.27058137753190586,0.10545769087411581,0.11095086820011107,0.028486221720612832,0.024249903411370902,0.013797101463290655,MOS,Materials,0
139,-0.1314110135300477,-0.10427524429657786,-0.09941665380561374,-0.11520047830672787,-0.14629742348080366,0.006300505650911194,0.08926705520867873,-0.01290698106257491,ARE,Real Estate,1
140,-0.7281415927402227,0.07156160644083144,0.19948206609625088,0.13758696283079197,-0.047631259473984645,0.03944729848344926,0.03932216487055188,-0.01787310330089302,AMT,Real Estate,1
141,0.09632461438550285,-0.6067293783490005,-0.1947834207719205,-0.15181360890882836,-0.2403407116367004,0.03374174222483948,0.01621414175154927,0.0029882769079248,AIV,Real Estate,1
142,0.44299699843786877,0.09006338336393262,-0.20533790058698434,-0.17534941411908447,-0.35593041381622514,0.029388410514760824,0.08595354139408636,0.009317519532211554,AVB,Real Estate,0
143,-0.20157756156404705,-0.10090481525332845,-0.08548633996994137,-0.10978520847618228,-0.13545626278175926,-0.016390953420565013,0.06798082513343404,-0.017049271953218564,BXP,Real Estate,1
144,-0.38797283455108833,-0.5269734088300259,0.042343908208080726,0.05345287802519344,-0.09477878119433567,-0.08651132451068043,0.016266543432412774,-0.0150284928605806,CBRE,Real Estate,1
145,-0.9779955258159256,-0.11973465369505089,0.2696070442746524,0.2008611410184948,0.0076713257139740445,0.03755636497499113,0.02391775252179392,-0.024388855919555124,CCI,Real Estate,1
146,0.8273795204448119,-0.22837530988484253,-0.3533823013207471,-0.25922571115187526,-0.2848491126466793,-0.019695074797157847,0.006209670419200849,-0.03189588668302889,DLR,Real Estate,0
147,1.829681083378424,-0.801670499871628,-0.7074264059225877,-0.4879186768526551,-0.6643242903965375,0.03058625728341969,-0.03825486375475053,0.07045860120842207,DRE,Real Estate,0
148,0.26182561609310373,1.8360239777345295,0.03314567702286462,-0.05720793982477033,-0.061302416488422065,-0.005066731909986214,-0.06430563188076294,-0.033580143396159425,EQIX,Real Estate,1
149,-0.014615378938253553,-0.46301543721526917,-0.22834335451709914,-0.22001895340232258,-0.16223781403335805,0.03126007506380652,0.041219320178722825,0.002550337935398297,EQR,Real Estate,1
150,-0.6299483395597345,0.636085777602844,0.07556389420316205,-0.047298699183798934,-0.04721982290010327,0.007088872078368313,0.1320522898697154,-0.020080861734628443,ESS,Real Estate,1
151,2.366371338882605,-0.44547108935775975,-0.7069965796278573,-0.4263668778290559,-0.573678018036324,0.052727176823107305,-0.0008770083733424079,0.06506821482762258,EXR,Real Estate,0
152,1.0246594636658517,-0.19263172465881337,-0.3980079779069519,-0.2861545252663716,-0.3304110259777736,-0.019650844761747197,0.029598190223261708,-0.018207212280846305,FRT,Real Estate,0
153,0.6703517526382639,-0.50423022482351,-0.4060694785230506,-0.33091578494052853,-0.4175327823500584,-0.05218422203000559,0.009192098375645963,-0.01356498935483181,PLD,Real Estate,0
154,1.472978454445088,-0.8248368649532637,-0.26756839309972696,-0.0009286324988777874,-0.40522516471604536,0.024091459759869885,-0.030648020405841084,-0.04703514859477875,HCP,Real Estate,0
155,1.8476858660869426,-0.8571749170964136,-0.503501042444896,-0.21364875818886872,-0.2538769723706922,0.12152970425783612,0.010074315542317223,0.05614168036299048,HST,Real Estate,0
156,0.8024846113922565,-0.6818251362495513,-0.3996050725328076,-0.27708506883737766,-0.291688633098552,0.17245242775998432,-0.00046160425041035175,0.030695254961782586,IRM,Real Estate,0
157,2.4483404814275387,-0.9469883931747733,-0.3721263733082429,0.0668708805365165,0.11043446094116967,-0.06965026714914853,0.04396437975087449,-0.01954463271342217,KIM,Real Estate,0
158,-0.33259997855964724,-0.4310434251419645,-0.049095407982878855,-0.053622097661112485,-0.06920674358606103,0.04826845388893459,-0.007686760559107339,-0.028213963482580286,MAC,Real Estate,1
159,-2.025123789831418,-0.3213449605662586,0.3078033095267355,0.09827489155537311,0.13519052166560816,0.04875670651249332,0.03915974889430028,-0.005937049107273505,MO,Consumer Staples,1
160,1.0791814361200782,-0.6541745971965093,-0.43026427620880964,-0.287062932750175,-0.592829987729379,-0.028904554259926114,-0.02980567088300805,0.016086808143286734,ADM,Consumer Staples,0
161,-1.497027061512385,-0.31543152126577667,0.6569401965869118,0.5959617225168297,-0.10541897627620876,0.0012611311921328313,-0.05941438181800573,-0.034260485275792,WBA,Consumer Staples,1
162,-1.3950826158504113,-0.45868591271648174,0.35372668834428855,0.26283719866013533,-0.03712088998690258,0.0818219751436641,-0.043887996095039454,-0.050229002490525185,CPB,Consumer Staples,1
163,0.7968482262609575,-0.6289162164828623,-0.01405308900718544,0.18348927927328038,-0.2268951743982324,-0.09959710007672905,-0.005858925758504249,-0.07364753843046504,CHD,Consumer Staples,0
164,-0.14752523998402298,-0.634348564018522,0.658688265781226,-0.8577109535874867,-0.15852586897873652,0.04798873473886717,0.03283785077827496,0.019219815561274486,KO,Consumer Staples,1
165,-2.757580971669643,-0.21095027092485086,0.1885238951954597,-0.16083382868802204,0.49467227328291813,0.005713316488089463,0.1256580767137025,0.028476368413529487,CL,Consumer Staples,1
166,-1.0871240292085391,-0.5083706969484397,-0.060044747435065986,-0.1780255983140133,0.08952967630601735,-0.012153242058301641,0.0412526567571426,-0.016614199339693783,CAG,Consumer Staples,1
167,-1.718587799315785,0.625276387146152,0.35716967921462245,0.1239709639328824,0.16374891801088642,-0.019096166179476258,0.1651329110587427,-0.0017268623354196341,STZ,Consumer Staples,1
168,2.530239376066603,0.09996170107898274,-0.6394844586183533,-0.3909263501977358,-1.0649607897732112,-0.0789332964868143,0.032574541161400274,0.06059505223399892,COST,Consumer Staples,0
169,-4.439191687210543,-0.36981838502241676,0.7500833007086705,0.23051312590331602,-0.012562386422413654,-0.18322519595417705,-0.03537220703410873,0.09789541236864915,COTY,Consumer Staples,1
170,-0.04047725797846868,-0.31659696216242067,-0.02255681925088807,0.028615799333999197,0.17301978842204427,0.08402735286689927,-0.05624776284784544,-0.06394038243593067,CVS,Consumer Staples,1
171,-0.43130401289291725,-0.42872700239262573,-0.0019586790691248166,-0.008516695717908074,0.05453240880657032,-0.061011381117467164,-0.0074443816928609205,-0.05587929914767711,MNST,Consumer Staples,1
172,-1.4731992875355011,0.2118872570021179,0.27885827974616656,0.10246479292892038,0.05548257477035907,-0.02094269348132855,0.035518552678235366,-0.010616818013126885,EL,Consumer Staples,1
173,-0.728331547617837,-0.5213542517019999,0.22777923646929252,0.22475598402712124,-0.043572459762971014,0.026255088871703868,0.0037348943231527857,-0.035485651543922636,GIS,Consumer Staples,1
174,1.2700605079876632,-0.7217449391618882,-0.2920767001107185,-0.07077938383659292,-0.33339060731173853,-0.05674758878741039,-0.017593792976801137,-0.023533759419123782,HRL,Consumer Staples,0
175,-2.8158494522414848,0.1433139999711286,0.7019877365486462,0.4069503320631949,0.2172933626677606,-0.016350428528254773,-0.026655354966171014,0.03575570828963694,SJM,Consumer Staples,1
176,1.1029926755097057,-0.5240573647034212,-0.14900181683599156,0.06527219637979888,-0.1748267501426847,0.015539606764195848,-0.011696739304481308,-0.031506959958553904,K,Consumer Staples,0
177,-1.1734828220418134,-0.08089834447634119,0.16977995048967587,0.04693381442372813,0.06237541831438849,0.027450921931200193,0.025243641909155748,-0.021605294411993957,KMB,Consumer Staples,1
178,-0.026841917624263478,-0.42845469386754576,-0.15239349511274544,-0.12761788859603532,-0.047878385211156,0.023055168375096406,-0.006884960324981264,-0.043788089596338564,KHC,Consumer Staples,1
179,2.980007562591179,-0.548600646338796,-0.715400843381697,-0.285552645167248,0.29465829070008176,0.0621400170640703,0.022631878012131484,0.07016790069172377,APC,Energy,0
180,4.08431042077942,-0.6219252966848134,-1.0000770981922806,-0.46729444932416286,-0.287074939443651,0.16024208988484712,0.023311448042579078,0.19735651008581057,OXY,Energy,0
181,2.1938413128636456,-0.6393678305724618,-0.5861436128173886,-0.22869652803497004,0.760397153878795,0.1301704004792292,0.0671692192535352,-0.03253881249268448,APA,Energy,0
182,1.6990251166664383,-0.6374608170678467,-0.8111952379620918,-0.595855088757229,0.4719048279986695,0.13275228974447403,0.04858057537868865,0.027446468585556955,BHGE,Energy,0
183,-0.42770489540509465,-0.6426578783991336,0.044965391373369,0.06514086334081258,-0.00829981189993852,-0.03719127691785428,-0.008470840205931973,-0.029642078040275546,COG,Energy,1
184,1.4929898438217677,-0.1673125961281961,-0.26830782260009134,-0.04886000353101345,-0.23815354080619783,0.06575514108120757,0.001972639895897332,0.01134350324780848,CVX,Energy,0
185,0.9573291395214741,-0.08305685952482689,-0.3557368707628744,-0.21802347120989363,0.43141839836973805,0.06769823599793783,-0.10766458316319762,-0.04144150812622877,XEC,Energy,0
186,-1.0631583041603794,0.5011686994704555,0.09312481186334587,-0.07497385044478494,0.09926553726715406,0.005285893050094711,-0.2984763068961742,-0.02902122454542679,CXO,Energy,1
187,1.916372948874346,-0.39833490900972635,-2.1774275251836013,1.5307794918070956,0.1309272395773944,0.07796618564897609,0.024160453007163674,0.029607096016915257,COP,Energy,0
188,4.708801279368966,-0.8632412848024753,-0.9301573487815469,-0.1824812908218071,1.3740316943860569,0.11258966675863179,0.20204339082202144,0.21212763172431073,DVN,Energy,0
189,2.491169630187953,-0.19914688245756415,-0.3901782061348833,-0.015253422945934932,0.03937107542700555,0.07203962939497832,-0.04660749648293173,0.07309845800242151,EOG,Energy,0
190,1.826750926676626,-0.549268622632322,-0.41490758597854005,-0.1004704960504733,0.5459657731734339,0.07201959925014463,0.019375655808023206,-0.0201678041323102,EQT,Energy,0
191,1.8163463521033079,-0.593880966155276,0.5284602343812297,0.4436437779917714,-0.40879284509228947,0.04826220145990275,-0.010503961541129214,-0.020506944705028528,XOM,Energy,0
192,-1.3675431479959133,-0.3679821783986275,0.12462994745427027,-0.013358026351070874,0.08930856698882861,-0.046410395293444436,-0.014402328602821023,-0.018093958905520704,HAL,Energy,1
193,-1.0638413727597438,-0.22392652290952733,0.1112197855785986,0.007288076059794667,0.053251330541059384,0.02443842162346267,-0.0741098255656664,-0.04634453868167711,HP,Energy,1
194,4.267438624783744,-0.6697258360064041,-0.9884192970041077,-0.3685637058644549,0.7898983217628694,0.18928678601941712,0.10055152312264774,0.22970175060954376,HES,Energy,0
195,2.009945413538831,-0.790031501285153,-1.3187707477124695,-1.1635010394982397,0.055374433937540816,0.20609240212606936,0.05925175829874321,0.10336983896147028,KMI,Energy,0
196,3.458729512636599,-0.9713959869843386,-0.42126388287331074,0.22333613328448554,1.0852796314961128,0.15902806897670663,0.1792976895281726,0.06244440683463499,MRO,Energy,0
197,-1.3430445236613084,-0.09335880996326303,-0.1480975327050527,-0.360270989759311,0.13134964246728761,0.014413838310723345,-0.07735867356880739,-0.033200290436026514,MPC,Energy,1
198,2.365620315694847,-0.7371111730773261,-0.4267029683450398,-0.029478194597277494,0.13701657212679944,-0.027843430039999194,0.020810523963683252,-0.004725016967250587,NOV,Energy,0
199,-0.05584409574133952,1.652755126231802,-0.08597819104251674,0.4141502563223728,0.04967685427628586,0.041592653451457844,-0.22811381888770718,-0.019921567501592526,BA,Industrials,1
