,PC_0,PC_1,PC_2,PC_3,PC_4,PC_5,PC_6,PC_7,symbol,sector,label
0,2.4223174997558785,0.9566697561160928,0.3107515046228541,-0.6025463232315564,0.20407327267747222,0.1578219216686533,-0.05012376942044459,-0.0641865943408888,MMM,Industrials,2
1,1.1358295156982112,-0.2376527756723933,-0.05392348995508485,-0.07006270702878326,0.10100117003531511,0.10763015070938478,-0.05963449941315903,-0.011583582532467024,AOS,Industrials,2
2,0.17555412389029315,0.0876472075737109,-0.05785736593131768,-0.10512188327893199,0.03954582868662936,-0.5103346632345866,-0.11531202691306076,0.06486708817988054,AYI,Industrials,1
3,0.9245938216139797,-0.14564032498650473,-0.08188184258544079,-0.4657945280166993,-0.287980459323232,0.2422983568584893,-0.012624753164348978,0.012849026394011217,ALK,Industrials,2
4,-2.1274720103066462,-0.8070692277917221,0.1279162008712238,-0.1503708424277498,-0.021101970136623457,0.19801217160285892,-0.0022216025348368177,-0.02126441385418047,ALLE,Industrials,1
5,2.030163844374044,-0.11833578079393413,0.32174008773752294,-0.017546042492663075,0.5843318864033448,-0.14070437939253716,0.0669323342042832,0.02277870008011462,AAL,Industrials,2
6,-1.7790745115905062,-0.8425817498181933,-0.18119861412180613,-0.10579515767537573,-0.2968831472475856,-0.2074901109892757,0.10937316070313303,0.009372992733329403,AME,Industrials,1
7,-2.4632397839506694,-1.7832109969916785,-3.925789023746623,-2.22679524081012,2.7614583132792574,0.8156207909397934,-0.24336962092769807,-0.07322878977138632,ARNC,Industrials,1
8,2.2054445771735054,0.24703387682192404,-0.1373719217073462,-0.2177258099684327,-0.00813040940896207,-0.029819236507327197,-0.14974449632983297,-0.06878691575475969,CHRW,Industrials,2
9,0.9109106339020846,0.3622912554553935,0.7736417639448484,0.31055222509171576,-0.852992282448222,0.24471881268044604,0.026891672588624536,0.00578380137044185,CAT,Industrials,2
10,-2.243988698874555,-0.1698177046637006,0.07779531108010967,-0.23974357007777922,-0.08477025992637245,-0.056653020935036685,0.29866332705406773,-0.06861393314769136,CTAS,Industrials,1
11,0.1443835400062007,-0.4102957248603494,0.20325345833159827,-0.020091471288300074,0.31721379518698795,-0.5111000529001738,-0.026159003582207064,-0.016664872587615072,CSX,Industrials,1
12,-0.9138382786287106,-0.08487474222654037,-0.23936803431034187,0.04013109600436652,-0.07692211484857055,-0.1975583898316449,-0.10904988875879068,0.0010855842034120735,CMI,Industrials,1
13,0.8428874782763494,0.40367841510800184,-0.2639632608851198,-0.10391937419873781,-0.07570906985316272,0.053965275559190826,-0.0636116640103568,0.01773972278051726,DE,Industrials,2
14,0.23083273063901677,-0.24744311698121096,2.151127254126847,1.0073399849276037,-1.4481006004522854,-0.35205568447602964,0.060284169755611086,0.012710116952524966,DAL,Industrials,0
15,-1.9868372189365768,-0.8043029002835227,0.0329214477876801,-0.12345005750375704,-0.09124981453794265,0.026992590898560247,-0.17376796642549047,-0.04856314699565626,DOV,Industrials,1
16,-0.8362805940856101,-0.5763178867709888,-0.2779772889153084,-0.17684948679157766,-0.3712567735616225,0.03576599022327574,-0.006017431364075098,-0.0090102867202795,ETN,Industrials,1
17,0.0721657198138714,-0.38843008562948694,-0.4674503704082579,-0.16464736781342004,-0.4715103502573813,0.39720564740840575,-0.0033888382710484536,-0.005984057310086108,EMR,Industrials,1
18,-1.8655875785488143,-0.2636582249574331,3.3157469105376705,3.057669477877512,-3.017669893222861,-0.20945772371488214,-0.08299702748521555,-0.054992351801364234,EFX,Industrials,0
19,-0.8643448937054353,-0.7098110858943719,-1.3884805201579473,0.6889852722067866,-0.7394144657253512,-0.4865216389368729,-0.006097671735235651,0.004953173240962723,ABT,Health Care,1
20,2.799376566121117,0.9118310259822723,3.2452116264610056,0.9258153199039539,-2.7456393088741455,0.7402048132971187,0.05530678062021713,0.03277184248425614,ABBV,Health Care,0
21,0.10308861852367218,-0.2988903210211334,-0.11835785507326624,-0.2806525781312096,-0.2137463386226421,0.2601099525468182,-0.09396682409473749,0.009316207477969159,A,Health Care,1
22,0.34857946384880584,0.24075411662014812,0.15305698024698697,0.33453291457636186,0.6959293348789676,-0.3477996338614614,-0.17566055172016884,0.251926987785538,ALXN,Health Care,2
23,-2.567074051349096,0.9123084909362155,0.8056526041339039,1.6107922149452671,2.5294929950942735,0.8261061576928995,-0.7221338021114533,0.6288635215562987,ALGN,Health Care,1
24,-0.7682861031682107,-0.02370041722160233,1.0815012378991171,-0.3119759429096967,0.978072439018744,0.3449774492208845,0.09081717252388675,0.10130215239569915,AGN,Health Care,1
25,0.27151106428707145,-0.2326094700770378,-0.23310295725096658,-0.8451762495237473,0.44731106903958756,-0.14346247551766844,-0.04899456915706393,0.06488074680287954,ABC,Health Care,2
26,0.658270680282273,0.6462795626358803,0.28251281747498164,-0.8244571521059983,-0.36857009192064716,0.6830416675483718,0.18930786504697444,0.05518369822595936,AMGN,Health Care,2
27,0.3936753226290555,1.6897168235092086,2.6909696780679244,2.955698470717064,-3.0503703725890663,0.15831523240227408,-0.2023097048031618,0.28857299143491993,ANTM,Health Care,0
28,-0.44795984714013737,-0.5341945888861646,-0.5787491837505819,0.199733351037395,-0.3127930063932483,-0.20664121394089785,-0.03578987228244818,-0.0035444389557222223,BAX,Health Care,1
29,-0.15640597969615525,0.6981635018221118,-0.21672501221686927,-0.17191507098647194,-0.11107777396389303,-0.25550084497492326,-0.0626910117582688,0.07441913930062397,BDX,Health Care,1
30,1.6306318834591735,1.5472009768011485,0.06659246811366648,-0.07808417582912702,0.4862566697651589,0.37686910416508573,-0.07109255468564543,0.3428847901567312,BIIB,Health Care,2
31,-0.7456649328935979,-0.8884648730487924,-1.876901749497671,1.036620959247946,-0.920348249903212,-0.09572004276701071,-0.21818993859785793,-0.0015709234463769186,BSX,Health Care,1
32,0.6474786622162185,-0.19501369839639965,1.1890613058175232,-1.6648165628997813,-0.1078522156630216,0.6668114133355141,0.20395732443388667,0.029295592774677727,BMY,Health Care,2
33,0.4363029012404396,-0.6769411036183751,-2.7084000171232905,-3.12055468684752,2.506748612415707,0.3512560850627267,-0.025406389929834853,0.021853343656496858,CAH,Health Care,2
34,-0.1181906103266048,-0.2576018105980849,0.11469685027797197,-1.0854342019004373,-0.7186172494163127,0.540840769058101,0.6100324436505625,0.04612685760745857,CELG,Health Care,1
35,3.6798670277499954,0.6134826167012838,-1.8454659009481227,1.4667463068966906,-0.07577085641716842,-0.179222856109589,-0.19892331194644336,0.21418107124456312,CNC,Health Care,2
36,-1.4698322281245249,-0.9250359175872094,-0.20746409424880205,0.30080918616837193,0.0616692718230388,-0.07749483818790254,0.138776015719565,-0.002731245376819099,CERN,Health Care,1
37,1.877256726441795,0.9528483089354864,-0.20564626404996605,-0.7926525931387475,-0.5059027799482189,0.7961272345383937,-0.012784483374330795,0.13858155616882004,CI,Health Care,2
38,-1.8163366229805922,-0.3237909269834871,-0.2316050152150126,-0.1342674325289415,-0.3042617345187766,-0.11484098550901142,0.20888702487898958,-0.048204907819091154,ACN,Information Technology,1
39,0.948280144005661,-0.20657264855017166,-0.5953944403640872,-0.20443511539454085,-0.563021692988218,0.6532824824044208,-0.08496144224966053,0.015230117063316404,ATVI,Information Technology,2
40,-1.4694698147167893,0.5412065526696437,-0.1957015673934883,0.052505632587705756,0.023606459375716354,-0.5327640851464602,-0.12336217855447053,0.07151904038308554,ADBE,Information Technology,1
41,-3.194142874791136,-1.239467150392151,7.154714822368795,-3.9734219037286826,3.498801796894312,0.10995955042946291,-0.8576780295673829,-0.268382763681536,AMD,Information Technology,1
42,-1.5511959658565344,-0.8136359133400338,0.001329374401842353,-0.10810372402382686,-0.09800843167676523,-0.22816325639298818,-0.049936207204982916,-0.013910347258668253,AKAM,Information Technology,1
43,2.7694910793074614,0.839700551353589,0.04834928276833771,0.6317247057627423,1.0643277515203082,-0.32294210342337265,0.01812944245558543,0.11862878409484284,ADS,Information Technology,2
44,-0.9643331936204482,6.006483259575807,-0.8598518422838806,-0.35605762049336687,-0.23834016049103576,0.6821051948455015,0.2453224675257193,-0.3277622985477348,GOOGL,Information Technology,3
45,-1.028727035502511,5.948630301416782,-0.7536508386514875,-0.4191636539702643,-0.1999391477866884,0.6613740085536726,0.26929922851121724,-0.3440767224322103,GOOG,Information Technology,3
46,-0.6429774172985243,-0.4141485344517344,0.008301209124046883,-0.22381990130561066,-0.09233473663262357,0.0024038713192664337,-0.1347963358775113,-0.020349574022237246,APH,Information Technology,1
47,-1.4071750982941658,-0.5384296378775186,0.1769717095038797,0.028150626003991253,0.2434744299741306,-0.4655419586127728,-0.270306432682551,0.014347268080105698,ADI,Information Technology,1
48,-2.9782571568990774,-0.2585385885537432,0.3563889537308037,-0.2868184113482298,0.13368358211839487,0.6773923714958358,-0.4923513891182735,-0.006103675927251247,ANSS,Information Technology,1
49,-3.0055254276599537,-0.29433783509685973,-0.5221258916788779,0.4903255562336084,-0.6025706004511902,1.2252634753128755,-0.595881012625361,-0.09634984207645153,AAPL,Information Technology,1
50,-2.132371627730322,-1.0633278306854683,0.9825021338216263,-0.7031050603770398,0.3181277132342455,0.576584409960486,-0.30442110020019136,-0.06805904782057741,AMAT,Information Technology,1
51,-0.9440336422183118,0.12461619118444701,0.1441170301253309,-0.1797317744163151,0.146189644179899,0.07066805105644446,-0.35691578088925435,0.10926280238056206,ADSK,Information Technology,1
52,-1.0994988895334694,-0.2514290971022546,-0.13918352690723235,-0.07171653729042102,-0.12460764230095334,-0.6384242773654608,0.09366861245878358,-0.031240914158179017,ADP,Information Technology,1
53,-1.030355559267643,0.9666475411528327,-0.16762734351089414,0.04524224705095413,0.14177390615975377,0.01038443882493546,-0.3364271987169418,0.22298972752572066,AVGO,Information Technology,1
54,-0.2612699850284084,-0.597434379195824,1.8740466741490729,-1.2868422881810415,0.7764827985266632,-1.312337423884373,0.2599084119620199,0.054661974122542235,ORCL,Information Technology,1
55,-2.4038590237254436,-1.181154686635842,0.2502783087385547,0.59701342800921,0.7168443942363105,-0.31020777116292064,-0.5116503329992879,-0.10211997888108852,CDNS,Information Technology,1
56,0.6388768998398118,-0.4322429156931952,1.1232124396623078,-0.17242791385864129,1.1300775791624,-0.6999856033393459,0.05791893224548379,-0.01565106769373963,CSCO,Information Technology,2
57,1.709294997387507,0.2989012536611971,0.19557735532714923,-1.107691772023305,-0.48671471099920277,0.6927693208997722,0.23301805386735294,-0.03424147330408565,CTXS,Information Technology,2
58,1.975027589462896,0.8427641620986964,-0.2371037749726425,-0.40474311224891846,-0.20262077874624568,0.36525404994487276,-0.06767965086342542,0.07593031415181112,AAP,Consumer Discretionary,2
59,-2.3299409845480614,9.615061615911214,-0.045020661233568064,1.1675900785471138,0.5376860276941338,-0.8142827024088365,0.12470412393178028,-0.4022179820947058,AMZN,Consumer Discretionary,3
60,-1.2486328791000816,-0.6104122309986211,0.17755784408514463,-0.10023690821467209,0.1534378342884602,0.41543518854122247,-0.40802603741847465,-0.04569169270429108,APTV,Consumer Discretionary,1
61,-2.915976318189494,5.160834944233624,-0.20361317119691352,0.11210082742741033,0.6183711412296964,-0.40696169922292486,-0.024371848779579135,0.1897702663983561,AZO,Consumer Discretionary,3
62,-1.6236029729454846,-0.7966156752666779,0.1507124395379973,-0.022376170068410663,0.15621660400270124,0.451237474514973,-0.42889418914263333,-0.055470141362860236,BBY,Consumer Discretionary,1
63,-1.9268790773535858,10.313296741878323,-0.5822911062105287,0.08080408526024874,0.9438105760435765,-0.22350592565838795,0.06766846514034242,0.13750073635132765,BKNG,Consumer Discretionary,3
64,0.14585769042384367,-0.5460641920741909,0.13346031465191474,-0.019535849373601415,0.25178049833072397,0.17330370566385056,-0.17958038000480792,-0.024238798005834273,BWA,Consumer Discretionary,1
65,-1.9391426054399648,-0.8629350444474878,0.22541957388873785,-0.11568649405231346,0.12278758620847739,0.5113722363654025,0.051562131631482065,-0.0008088216882862735,KMX,Consumer Discretionary,1
66,2.623166446922618,0.1745792154498354,-1.3334164164100746,0.33084328781575467,-0.6915162935716566,0.5134689291891269,-0.22234639508002774,-0.05849413854094301,CCL,Consumer Discretionary,2
67,2.0512861049340008,-0.08764540280132034,-0.5045403941348193,0.5341139032080221,0.2574348685298707,-0.1508998109149293,-0.1569425662510585,-0.057344313234206176,CBS,Consumer Discretionary,2
68,-2.5155969319954377,0.8344236083749994,-0.131574296531858,-0.3695073758004315,-0.28267255958536097,0.4161630080989696,0.35146166979694526,-0.029959547832416625,CHTR,Consumer Discretionary,1
69,-4.218483854463751,3.0550628699194364,0.21763394760228805,0.45049410979907095,1.0464857297576526,0.4439932263218303,-0.857029469492602,0.39910647875420047,CMG,Consumer Discretionary,3
70,-0.3226097705282372,-0.7656108095806021,-2.360789606833857,1.1147628300898151,-1.2943691614680781,0.2175037093520459,-0.0901488252453404,-0.0015720865344265435,CMCSA,Consumer Discretionary,1
71,-0.8740130016951976,-0.7223309598041432,-0.3220102886118138,-0.3392812442628432,-0.5683293953510182,0.6089354400513708,-0.21551967982294645,-0.02739863765128013,DHI,Consumer Discretionary,1
72,-0.2521036381829117,-0.223246105566285,-0.19563491325801224,0.021492952930572778,-0.05384122661974902,-0.7404454534815955,-0.0720829391498831,0.019216538953825683,DRI,Consumer Discretionary,1
73,0.20818173941965737,-0.5938622494307599,-0.4020530937837268,-0.03199798674109159,-0.3153696685911152,0.006932391728853762,-0.19145602226140024,-0.009720968611870677,DISCA,Consumer Discretionary,1
74,0.2058027433687286,-0.5918396095520936,-0.03521606467496866,-0.3305100247934994,-0.2193858052879314,-0.048068918789205085,-0.09553588472302885,0.004170298420925095,DISCK,Consumer Discretionary,1
75,-0.2776787424219185,-0.5695979921252744,1.719396324837729,2.0828594587882048,-1.237658546971108,-0.6520310973915878,-0.25841284020927274,-0.00702370958231253,DISH,Consumer Discretionary,0
76,-1.2786269586181285,-0.3852102344650462,-0.21730650567644702,-0.21014765638963215,-0.32327330656323316,0.4350666519959832,0.16230728366306837,-0.009484485168234575,DG,Consumer Discretionary,1
77,0.9481553493989923,0.03616952903741568,-0.30458052913832157,0.535027569542502,0.42297210531950724,-0.18630238290333423,-0.08703600055727553,0.0350318767200649,DLTR,Consumer Discretionary,2
78,-0.04128690809954966,-0.7426973967046973,-0.5407646355199608,-0.10970385770885412,-0.5522729193007444,0.2736142449097058,-0.05419161670899295,-0.008949988406943152,AES,Utilities,1
79,-0.670518558433594,-0.7375905835683395,-0.08108780071004351,-0.48712242029922803,-0.480743536411212,-0.222559135612929,0.404009012376446,0.08339135833514359,LNT,Utilities,1
80,-0.4180621668301722,-0.6105490185844102,-0.12838568544849746,-0.1451551123133463,-0.21421491442703605,-1.1731946526827446,0.12303436988377005,0.02406668510909604,AEE,Utilities,1
81,-0.8879043017215815,-0.6331461561866693,-0.16207211964151289,-0.2946323003381695,-0.3935239636741293,-0.5755546062669218,0.37090613548444507,0.04376384189779562,AEP,Utilities,1
82,-1.4069645399952537,-0.6119522292008587,-0.0490955216417924,-0.21535754736905055,-0.2124556366910531,-0.1371838824683492,0.3192517282403967,0.0058541890751922804,AWK,Utilities,1
83,2.667383297606361,0.015564351635587486,0.24465357381813976,-0.3549465811255469,0.24298564967107428,-0.14607359607352294,-0.24691359473544877,-0.10998489133305021,CNP,Utilities,2
84,-0.544122500783696,-0.6742602027912281,-0.10370308952016637,-0.3753356127559363,-0.3871269585075231,-0.27767217242593384,0.2837999964883301,0.04394456250751486,CMS,Utilities,1
85,0.1638299424299052,-0.36418372879519256,-0.21425567647029867,-0.17473489993034746,-0.2437283380271956,-0.46002767270111133,0.17003757945150558,-0.01882768077087743,ED,Utilities,1
86,0.689145432966392,-0.2455981484707344,-1.1051448175314724,0.1464064979680931,-0.7954037929900709,0.08196244182973374,0.00557592421754543,-0.03721929081595084,D,Utilities,2
87,-0.35457428525175594,-0.3361122997395147,-0.0935068954646737,-0.12050825807434905,-0.11660300347090594,-1.1942063748399805,0.1502145637357901,-0.03831203257782768,DTE,Utilities,1
88,1.332458193597768,0.006940119955052718,-0.6783672356436711,-0.1956065452273881,-0.6108913336479707,0.09186651745428114,0.0021341987590705836,-0.0742322339844103,DUK,Utilities,2
89,0.1512718000178451,-0.3711135648714605,-0.16130530295238887,-0.11588060117980685,-0.11600130046662165,0.14703065476662694,-0.08595359466571006,0.014176277137364936,EIX,Utilities,1
90,-1.450814111955776,-0.6494526924641835,-0.10219073535289828,-0.5349469529914396,-0.5543520691999063,0.3470567577231329,0.6634366729282458,0.0657603931605105,ETR,Utilities,1
91,-0.7322762618656319,-0.6300080214883058,-0.4109573131938705,-0.26251977403784343,-0.5946856187362324,-0.12309032632937976,0.4333663844165382,0.06239068131792502,ES,Utilities,1
92,1.4665781216034175,-0.2072560647043462,-0.3945036084652087,-0.04570354039808704,-0.2132705441007183,-0.18124498534288483,-0.1019967042087885,-0.056668841539220374,EXC,Utilities,2
93,-0.6066145951803251,-0.7237502817527262,-0.26380665147932475,-0.5010588297519798,-0.6612741368808067,0.192175573764724,0.43130413609201634,0.08656873428678674,FE,Utilities,1
94,-1.3892960464420017,-0.06967694012266575,-0.0823786638200189,-0.6690961685009911,-0.57916198005184,0.31697876653921986,0.7951276685859164,0.0062521243279994206,NEE,Utilities,1
95,0.7897907075964552,-0.5310499642709731,-0.1738925573932442,-0.056160440618373685,-0.09265655875920607,-0.7224460512425391,-0.051449855483948266,-0.008031610343935833,NI,Utilities,2
96,2.6190342152812947,0.20782512758583968,-0.035009199909780825,-0.9290732182950842,-0.5215201045673326,0.755388383338373,-0.01826272809405838,-0.03236936785707073,NRG,Utilities,2
97,-0.15625648285731072,-1.6185984469021781,-0.19338150235769982,6.296136050808397,5.646368140312199,1.243078078680808,1.2658443039476903,-0.023014529059461938,PCG,Utilities,1
98,2.5165543491935334,0.4703190718434698,-0.03079272884996097,-0.17014329570790862,0.19338282439606527,0.0909755778264809,-0.05289697774123739,0.014829855614282851,AMG,Financials,2
99,-0.5417642018310237,-0.7761042552934283,-0.14039036330962645,-0.02892358108056917,-0.14063070410373724,-0.982680211713904,0.17554618758908372,0.0419201354684739,AFL,Financials,1
100,-1.2396458512933513,-0.6492050764327253,-0.3070941368515876,-0.2527815026518941,-0.5120062354754025,-0.27776818359536043,0.3210116821501442,0.015074758175727152,ALL,Financials,1
101,-1.056900557953741,-0.569897106907925,-0.20610863333202606,0.09544506453502086,-0.09615544404629474,-1.1653649911869588,0.09609168491338677,-0.01804031288641076,AXP,Financials,1
102,-1.0400531521586007,-0.9209419768640928,-0.9116469186665225,0.6607702307386439,-0.30848476362536026,-0.27610483337218217,-0.0002354050750508673,0.00691464493282612,AIG,Financials,1
103,-1.477040851217664,-0.27016207054907376,0.16677400427347827,-0.1546963782216724,0.11726928382392758,0.16324634879935482,-0.3240805510637901,-0.006334430931627546,AMP,Financials,1
104,-1.8067035160231655,-0.25581703386095245,0.053551653874250975,-0.17693927167266468,-0.05452276734894571,-0.4539061955825722,0.05160106368231391,-0.012724951855647603,AON,Financials,1
105,-0.9710507573261213,-0.6346743676575285,-0.13523973596852717,-0.38710960767823094,-0.446340529362241,-0.2818114622599738,0.41839227626971154,0.05716912047893283,AJG,Financials,1
106,-1.3989915759899763,-0.5553999041535191,0.0020255157079966456,-0.5447062346775331,-0.4289603339442866,0.7179605428382837,0.4223844117909676,0.03144867833350969,AIZ,Financials,1
107,-0.36398807387349935,-0.806900412274506,-2.7601095116643735,1.1604351863932052,-1.6455205925943397,0.8576494497405859,-0.1532304168862799,-0.011500222564559117,BAC,Financials,1
108,-1.1871457088350261,-0.7083096870483794,-0.10798225816714424,-0.19424349458330437,-0.2608300604333413,-0.32226719693698314,0.006083685809044412,0.010883633607371313,DFS,Financials,1
109,0.40877304724224195,0.3660079878584092,-0.6004035121183768,-0.2785595179310674,-0.6083616622843581,0.013759529558409795,0.21337890026415351,-0.16239111132882683,BRK.B,Financials,2
110,-0.9117032971054732,1.6941441553714585,-0.14289348247543465,-0.12293686037856355,0.10711869903997716,-0.20605743167761573,0.019357895721085216,-0.030525430279103743,BLK,Financials,1
111,1.4616125077050475,-0.4082172278576415,-0.1706694986834979,0.4021222853263957,0.3898592455135384,-0.5766871417461024,-0.13617539897593334,-0.048723919094457606,HRB,Financials,2
112,0.6028579693475652,-0.34096607256724454,-0.021082074796146995,-0.40288785326358556,-0.21215337325278363,0.15179387585334925,-0.2596895015059128,0.012417673346617263,BHF,Financials,2
113,-0.1467159667757181,-0.29729842115483096,-0.24120024589879469,-0.38667543739386795,-0.4523119847355593,0.18244589543524994,0.06222970867094756,0.013062797797003348,COF,Financials,1
114,0.3289022279035048,-0.005887146173957842,-0.04713197248739715,-0.8002914193290754,-0.5626030689725149,0.5747338463243309,0.32754438850806883,0.058132944290579906,CBOE,Financials,2
115,1.5435931888498162,0.024703151554270567,0.5502420356731273,-1.2608016312875807,-0.40857615102758027,0.7035785487593925,0.04055364619581578,0.024037970415331403,SCHW,Financials,2
116,-0.10893892833252747,-0.07701412876275959,-0.3485479802328803,-0.23834742727789363,-0.4057750624714967,-0.1870553409764311,0.25629539412217417,-0.04046342239696829,CB,Financials,1
117,-1.546233499325691,-0.7693227619037741,-0.01504167124739108,0.07493798136236414,0.06375053131764427,-0.14265080714783132,0.13467265199305756,-0.04076128613491792,CINF,Financials,1
118,-2.231769102421471,-0.34007873516144366,-0.24328289217976948,0.16321032594297108,-0.06589968526564864,-0.193640982953238,0.3165080377205822,-0.06219075925232982,APD,Materials,1
119,2.588259594039635,0.3554630513458507,0.08755478139486883,-0.24553578473510176,0.23128675543915056,0.05364217977327637,-0.05146337875375327,0.020458411398657894,ALB,Materials,2
120,-1.212735521322652,-0.461048283290264,0.0953832165397768,-0.24134376988679634,-0.05112436263396123,0.08318104857002544,-0.17917876470313374,-0.029173668767653375,AVY,Materials,1
121,-1.7141636559163684,-1.0607398224224276,-0.21988001339007324,0.7978857292464553,0.4700306015996233,-0.3844223706689397,-0.27684104286280087,-0.07408665722417233,BLL,Materials,1
122,1.4521479817020675,-0.14005748742977187,-0.18858299155390357,-0.28169407544596375,-0.20893872938822033,-0.03675676199744753,-0.07379811623744899,0.012024681974104967,CF,Materials,2
123,5.246452811695778,0.7799443995178751,-0.5672034680678175,0.44359821654233533,0.38568825094481696,-0.10755861570701718,-1.042791563241553,-0.22941239500321903,DWDP,Materials,2
124,1.3597612580100842,0.036415415215070024,-0.07831109323007542,-0.1926169138258572,0.01136272261040614,0.15013988550892357,-0.045187807711332934,0.014931066748067313,EMN,Materials,2
125,-1.3200359890408435,-0.21027686091875272,-0.23011841340901576,0.33521882484823234,0.1448626409833842,-0.9216996768586836,0.008035328968747401,-0.03799403011777455,ECL,Materials,1
126,-1.184730910295162,-0.7848249738855179,0.1348398688698188,0.5118923115067019,0.6378509938228067,-0.12374230170842124,0.1319516254433326,-0.00909650216645474,FMC,Materials,1
127,1.024128912528652,-0.5500575126420743,-0.6140111155487628,0.4281046660024481,-0.0511076854700929,0.25187371447074836,-0.1576304630954985,-0.04617384997652726,FCX,Materials,2
128,1.2234628399494636,-0.16549744073573286,-0.06921577831954528,-0.5955249404436995,-0.37968564120373477,0.346644114220301,0.0005446677431362691,0.00798621784919212,IP,Materials,2
129,1.068547178233524,0.2983317103767433,-0.13868804063352597,-0.045023043624956856,0.10372203321980855,0.049801102993247956,-0.029410559401083093,-0.006043012269813468,IFF,Materials,2
130,0.6182040935422997,-0.1522798181376362,0.451976769822913,-0.07195374159116347,0.5899499907095848,-0.23009925700167475,0.018908781435831856,0.025621531090722134,LYB,Materials,2
131,-2.1583693704937725,0.06050527401009415,0.06788755116658873,-0.3693453844073952,-0.16490021732335,0.4023656642031739,0.09948150645410624,0.07002731822523389,MLM,Materials,1
132,-1.757294937944186,1.5980210979969995,-0.053795970026990714,-0.6175753543279384,-0.288947132062915,0.5611956591486406,0.192264359090036,-0.05359218045449182,SHW,Materials,1
133,0.41913102834171695,-0.528777249395273,-0.26769926370555924,-0.05478603421084699,-0.1792860711257236,0.047679608922224705,0.02082428826731389,0.005562598671569717,NEM,Materials,2
134,1.3716696277205007,-0.08783556959479749,0.04154260527762179,-0.4716794677319172,-0.1370838422518357,0.2603675041674437,-0.0043362278913710835,-0.005698508969441526,NUE,Materials,2
135,-0.23189176627262287,-0.20256454125159254,-0.10867873399039395,-0.6704980871041236,-0.5641857814957248,0.4113811847593431,0.15704426115981587,0.055695847224571,PKG,Materials,1
136,-0.6015555868623083,-0.29563675598995437,-0.21977714508226043,-0.4400781316937802,-0.5036109751487826,0.1390832595889563,0.15214851557034098,0.0002447726304446194,PPG,Materials,1
137,3.394189652574961,0.11729134148926193,0.0721589838402027,0.45227877295212904,0.8577963029288294,-0.319705980326092,-0.08015852372113065,-0.044315537373727766,MOS,Materials,2
138,-1.4889506816126592,-0.3796716835893806,0.1329722078722682,-0.5551729846952906,-0.31517883692341936,-0.16301518329647877,0.18353569511227705,-0.009705059100579736,ARE,Real Estate,1
139,-1.1587114631652229,0.02858358421100627,0.11342068385036295,-0.12616107786961828,0.13080861210714337,-0.23918193518807396,0.021584134863318602,-0.050336714869047984,AMT,Real Estate,1
140,-0.4393628759540291,-0.6902987276101373,-0.025362847625402234,-0.3567163539703114,-0.30099547074861527,-0.7023804257302412,0.1425971704539709,0.04495831545112771,AIV,Real Estate,1
141,-0.9385636204552618,0.009309479948441116,-0.08950607192314261,-0.31818145071090664,-0.26256520363289115,-0.7231410764893162,0.2362462170065987,-0.06175995406491317,AVB,Real Estate,1
142,-0.3708717846841926,-0.15728939909521486,-0.03096278073309829,-0.4454361219704984,-0.3030713146653133,-0.3693044146821261,0.10583759623851435,-0.012499564635388927,BXP,Real Estate,1
143,-1.3429923164995226,-0.8684942121317769,0.0782796513826439,-0.3158578070753972,-0.20008630467969624,0.02776405965702377,-0.2268351313240794,-0.02916740111163006,CBRE,Real Estate,1
144,-0.5402376653888431,-0.24926607490680303,-0.0482158120663101,-0.2173032653836888,-0.13000182099513313,-0.3745024142665061,0.0804919124012924,-0.016279926623993454,CCI,Real Estate,1
145,0.4911938003264879,0.0023392480139600752,-0.06960080817393698,-0.2679733014232668,-0.11080730402771939,-0.2672218810788388,-0.008356432969385963,-0.016915948592548018,DLR,Real Estate,2
146,-1.2750067753250391,-0.9998337710139351,-0.12524716049874624,-0.36763029084568655,-0.47792190282180236,-0.17573941133451343,0.2642617901928397,0.06999147950934621,DRE,Real Estate,1
147,-2.907024995056136,1.526786911519806,0.09608809973896318,0.049489838338928435,0.3954260459302822,-0.05696249130863663,-0.23415261241685503,0.06431234972561926,EQIX,Real Estate,1
148,-0.7502676268052162,-0.5792649326226781,-0.09939944142256467,-0.5289393652082454,-0.5161031559586785,-0.08278164786546616,0.34957764186408297,0.05025283736895129,EQR,Real Estate,1
149,-1.2526165569585785,0.48817332637870325,-0.034980721949240796,-0.3195153070326779,-0.15159659970611894,-0.48016222690462657,0.25022652203649026,-0.07687231794053533,ESS,Real Estate,1
150,-0.3676918277157755,-0.35008177682045327,0.03726221656907827,-0.21633296716284015,-0.04885163788327485,-0.4353878474521676,0.07813371892595,-0.01132755844021138,EXR,Real Estate,1
151,0.49388678820669074,0.02091299903723629,-0.12726153229300566,-0.40214245087717876,-0.29708629750970417,-0.4378120341055904,0.08385747446292542,-0.05972769829796819,FRT,Real Estate,2
152,-2.3031240051086566,-1.0079226607196123,0.052138815846161125,-0.2214938907447972,-0.2062209348986698,0.005101235455892502,-0.02225888108879007,-0.018734762789983855,PLD,Real Estate,1
153,-0.014206495958210911,-0.6636333794188423,-0.5078733806084489,-0.09918898021239748,-0.5081868270856278,-0.049444548892892154,0.025930360331184545,0.014853976988779896,HCP,Real Estate,1
154,1.1486350366198077,-0.44091651227536316,-0.34505290652376414,-0.14886295439834982,-0.30506722577558937,-0.17242832817640538,-0.060373507599778165,-0.012361053304127238,HST,Real Estate,2
155,2.2017982665584706,0.003319287940032665,-0.02498885763718726,-0.6281049901231712,-0.29240262960845176,0.39114305221328555,-0.034458306498899326,-0.036571012416047884,IRM,Real Estate,2
156,-1.1722483632264555,-1.024347499982924,0.08865776378505986,-0.45823066900941606,-0.33204748144675367,0.09866419274464575,0.08682912668223335,0.025407499476081292,KIM,Real Estate,1
157,4.090350748766914,0.42786566073337007,0.12603942447358002,0.06464595776530897,0.630603031841793,-0.2980636871496914,-0.347340943583014,-0.11163041830145196,MAC,Real Estate,2
158,2.306896803698618,0.45114849110937016,2.474479230182009,0.9408548334825543,-2.271037238371873,0.5008110561276096,0.021132875716087917,-0.009448950912543115,MO,Consumer Staples,0
159,1.908288091496165,0.014881683470884791,0.2145504246510396,-0.9684643515978248,-0.37298433428639555,0.49147665528457685,0.05989086119813031,-0.0150934383829908,ADM,Consumer Staples,2
160,3.302294068032677,0.4833136053147538,0.9932566613038251,-1.1769619650646768,0.34876075403039214,0.1548409552029219,-0.12516792239766264,-0.05517410336397938,WBA,Consumer Staples,2
161,-1.1120621843934724,-0.8494351104341418,0.08590781111761135,-0.4966248539903085,-0.33790673038795044,0.2777613482078742,-0.016612985414037693,0.002752230428272566,CPB,Consumer Staples,1
162,0.8559078002446323,-0.19669250282932838,0.10059467888399737,-0.23000831748759265,0.09387684121342166,-0.13865164777268946,0.016846899522150165,-0.026898357330260997,CHD,Consumer Staples,2
163,0.5666759313699408,-0.5504958721452665,-2.3510885114670135,-0.7639092847726195,0.0519539300215707,0.3871309081982492,0.13730242102089762,-0.005460917670780884,KO,Consumer Staples,2
164,0.00966041873269573,-0.5135982350600488,-0.2825207396718931,0.12154341380443595,-0.07105451866021636,-0.6078727191552664,-0.011405220939078552,-0.027196729596813598,CL,Consumer Staples,1
165,-0.37313423310427474,-0.7947773884748054,-0.3054939084637121,0.19378998030012393,-0.053638828771786086,0.2734671073260907,-0.26334843151759896,-0.0632357928394113,CAG,Consumer Staples,1
166,0.3439545777390029,0.49233397888321984,-0.29278086369592965,0.27084957954655303,0.2214429395346817,-0.17913806138648644,-0.11922306936805362,0.06179172443941561,STZ,Consumer Staples,2
167,-1.8467907883239756,0.10342376924688429,-0.18057531404496685,-0.2881095252643025,-0.325964512927704,0.29174207285169057,0.49119622648780137,-0.06592169384959892,COST,Consumer Staples,1
168,-3.059687338135383,-1.9485218113663783,-0.40360571554715746,2.591109279985056,1.8106983187026953,1.0661112912350041,-0.9536186996252366,-0.3778931567887623,COTY,Consumer Staples,1
169,1.3872188100412202,0.014424544432589911,0.34401639688753705,-0.9942216969268295,-0.2824631340292884,0.7359498645867604,0.15974856513729785,0.028942457451003975,CVS,Consumer Staples,2
170,-0.15963706143831838,-0.563626540673547,0.12321484774434563,0.12415110194289897,0.3409900083009468,-0.3028764608849389,-0.1369224896326048,-0.023113820173781437,MNST,Consumer Staples,1
171,-2.034024901783932,-0.2964723955428937,0.01363493184201786,0.08450267695775251,0.14653052168907058,0.011298749949797314,-0.2634019317901499,-0.01957078008733359,EL,Consumer Staples,1
172,-1.3583258592024152,-0.9906742182088798,-0.5573458634406953,0.4244346481854364,-0.2064970600980959,-0.750558180254788,-0.13856197141317514,0.002424632111232323,GIS,Consumer Staples,1
173,1.7686136815562123,-0.007849228518636956,-0.001987229735860481,-0.9962032643207211,-0.6221454934627587,0.7192809178037299,0.14887818905249173,0.0009904943382513494,HRL,Consumer Staples,2
174,0.2452295174166177,-0.15108622585330442,0.0874415705931673,0.03201809268142707,0.29477889862712053,-0.2737398490910361,0.047593523904395196,-0.0510835983936016,SJM,Consumer Staples,1
175,1.4568271482729283,0.045617181945095356,-0.055158818249749074,-1.1125835470688301,-0.7853040868585316,0.9358822487841397,0.19621198143281493,0.015652822153484645,K,Consumer Staples,2
176,-0.34870124510039535,-0.20947623772601823,0.08675479345301274,-0.3196951279995076,-0.07031189754802311,-0.311000708956535,0.16087566755873572,-0.02670407710951835,KMB,Consumer Staples,1
177,3.1705498832283587,0.10430066213363906,-0.6973425506101109,0.801596629496213,0.3952097760187896,0.026724110349236593,-0.21737749086174324,-0.07490000117585434,KHC,Consumer Staples,2
178,-2.7926811444806687,-1.0739238054683218,3.2651026452848906,2.682893398164766,-0.9515232870947701,1.3736465362774426,0.49450302346918645,-0.0752426803452336,APC,Energy,0
179,3.5225198953682626,0.284971590515149,-0.7840431029266912,1.133665563829251,0.6462734336330204,-0.26868061361821965,-0.4153512419504662,-0.11975182478622189,OXY,Energy,2
180,1.6506148544951447,-0.4468108477493238,0.5166653823582373,1.3716033737369482,2.007967276899483,-0.13166002615876327,0.3648037205345873,0.015439018013581954,APA,Energy,2
181,1.179042862186702,-0.44203113261857613,-0.9482755414606817,0.5971909850109252,-0.22712642552125833,-0.14591080614931046,-0.18630538271763714,-0.01765405403069803,BHGE,Energy,2
182,2.143611221400602,-0.36802017954729827,0.950947998858238,0.8918560256819514,2.0334590479897936,-0.39130927787954667,0.14819645451333488,-0.08189975277762604,COG,Energy,2
183,0.41378020922887837,-0.10875736055655644,0.18560800470997305,-0.2601487822611322,0.10996835450030458,-1.1139220942180776,-0.015831544967584568,-0.045795515622351,CVX,Energy,2
184,2.4149693672880206,0.18302043635557172,0.22389068797083367,0.4603213993622073,0.9833026963204838,-0.22157225173652242,0.07260182107857192,0.08373700734353924,XEC,Energy,2
185,2.2842212109213604,0.4247985280464089,0.2880886623919261,0.7915142944976767,1.3777753054721338,-0.31929867459855243,0.14514361946614418,0.15968625372049913,CXO,Energy,2
186,2.406880359022235,0.3257934412296056,1.7748410312766392,-1.8266784442024333,0.4780193432090855,0.1275041163926984,0.16669209023675083,0.0016459529920028954,COP,Energy,2
187,1.157119388691183,-0.45110849523724567,0.3449227153333693,0.4384224667196163,0.940586680428288,-0.22290023727211575,0.05119360178583495,-0.0010401521654802663,DVN,Energy,2
188,2.511671240751406,0.4416298156329556,0.48726708872488045,-0.1640453182324039,0.711453748765672,-0.2669227410025877,0.017858140219722516,0.06542099019338733,EOG,Energy,2
189,1.5190424700594114,-0.959913698089674,0.7383897207502894,3.745897054626073,4.380779647767112,0.49709579840094303,0.6968966148650634,-0.13444804123959994,EQT,Energy,2
190,1.5664311628029786,0.24614076317477082,1.1098315208212333,3.6483738551302816,-3.563557112448927,0.009691932238706999,-0.3034252695524006,-0.11317836311840379,XOM,Energy,0
191,2.9035196067499354,0.16553712955655192,2.481522540333663,-1.5677236318598022,1.4262967583024488,-0.34196120266923763,0.3052763905192069,0.03303457193586386,HAL,Energy,2
192,1.8011143688264304,-0.09196688336842745,0.2606198232766475,0.45117063016977904,0.945863911919058,-0.21476536527410525,0.1011723788142961,0.0425913320342693,HP,Energy,2
193,-0.9855220622486921,-0.706367773225701,0.32893028577280803,0.2314981079959615,0.5920737819579851,-0.27734096401824276,-0.4368200831552422,-0.012652162078423373,HES,Energy,1
194,-1.0136891870551425,-1.2262375643006929,-3.078063882426321,2.172104414768907,-1.174164378239721,-0.7465693907015516,-0.38585263206187115,-0.020185037955180733,KMI,Energy,1
195,2.7355208751432984,-0.009697462227047256,1.1387119152641039,-0.7649267244579913,0.7731157375138142,-0.1961042334083718,0.13352321455613236,-0.006899869708893418,MRO,Energy,2
196,1.6293987844890916,-0.03654642810165237,-0.7942991420282564,0.47597857266083776,-0.08732796031427126,0.41985428479674475,-0.10625818043192782,0.021031974115339275,MPC,Energy,2
197,2.6410387226003675,0.05267212910983218,-0.6573920368722894,0.028351485069832923,-0.3007694516277866,0.4160744683121853,-0.08037425460964953,-0.002026151946982668,NOV,Energy,2
198,0.38037985071271135,1.7786128712620235,-0.71257978536548,-0.6521529076793166,0.9342946671174107,-0.13845117573644872,-0.12042252503578375,0.2706162052780643,BA,Industrials,2
